Ref,Val,Package,PosX,PosY,Rot,Side
"BT1","Battery","CR2032_Holder",106.031400,-71.618800,0.000000,top
"BT1","Battery","CR2032_Holder",204.531400,-23.618800,0.000000,top
"BT1","Battery","CR2032_Holder",7.531400,-71.618800,0.000000,top
"BT1","Battery","CR2032_Holder",106.031400,-23.618800,0.000000,top
"BT1","Battery","CR2032_Holder",7.531400,-23.618800,0.000000,top
"BT1","Battery","CR2032_Holder",204.531400,-215.618800,0.000000,top
"BT1","Battery","CR2032_Holder",106.031400,-215.618800,0.000000,top
"BT1","Battery","CR2032_Holder",7.531400,-215.618800,0.000000,top
"BT1","Battery","CR2032_Holder",106.031400,-167.618800,0.000000,top
"BT1","Battery","CR2032_Holder",7.531400,-167.618800,0.000000,top
"BT1","Battery","CR2032_Holder",204.531400,-119.618800,0.000000,top
"BT1","Battery","CR2032_Holder",204.531400,-167.618800,0.000000,top
"BT1","Battery","CR2032_Holder",106.031400,-119.618800,0.000000,top
"BT1","Battery","CR2032_Holder",7.531400,-119.618800,0.000000,top
"BT1","Battery","CR2032_Holder",204.531400,-71.618800,0.000000,top
"C3","100n","C_0805_2012Metric",10.808000,-168.550000,-90.000000,top
"C3","100n","C_0805_2012Metric",207.808000,-216.550000,-90.000000,top
"C3","100n","C_0805_2012Metric",109.308000,-216.550000,-90.000000,top
"C3","100n","C_0805_2012Metric",10.808000,-216.550000,-90.000000,top
"C3","100n","C_0805_2012Metric",207.808000,-168.550000,-90.000000,top
"C3","100n","C_0805_2012Metric",109.308000,-168.550000,-90.000000,top
"C3","100n","C_0805_2012Metric",207.808000,-120.550000,-90.000000,top
"C3","100n","C_0805_2012Metric",109.308000,-120.550000,-90.000000,top
"C3","100n","C_0805_2012Metric",10.808000,-120.550000,-90.000000,top
"C3","100n","C_0805_2012Metric",207.808000,-72.550000,-90.000000,top
"C3","100n","C_0805_2012Metric",109.308000,-72.550000,-90.000000,top
"C3","100n","C_0805_2012Metric",10.808000,-72.550000,-90.000000,top
"C3","100n","C_0805_2012Metric",207.808000,-24.550000,-90.000000,top
"C3","100n","C_0805_2012Metric",109.308000,-24.550000,-90.000000,top
"C3","100n","C_0805_2012Metric",10.808000,-24.550000,-90.000000,top
"C4","10u","C_0805_2012Metric",112.600000,-120.550000,-90.000000,top
"C4","10u","C_0805_2012Metric",14.100000,-24.550000,-90.000000,top
"C4","10u","C_0805_2012Metric",112.600000,-24.550000,-90.000000,top
"C4","10u","C_0805_2012Metric",211.100000,-24.550000,-90.000000,top
"C4","10u","C_0805_2012Metric",14.100000,-72.550000,-90.000000,top
"C4","10u","C_0805_2012Metric",112.600000,-72.550000,-90.000000,top
"C4","10u","C_0805_2012Metric",211.100000,-72.550000,-90.000000,top
"C4","10u","C_0805_2012Metric",112.600000,-216.550000,-90.000000,top
"C4","10u","C_0805_2012Metric",14.100000,-120.550000,-90.000000,top
"C4","10u","C_0805_2012Metric",211.100000,-120.550000,-90.000000,top
"C4","10u","C_0805_2012Metric",14.100000,-168.550000,-90.000000,top
"C4","10u","C_0805_2012Metric",112.600000,-168.550000,-90.000000,top
"C4","10u","C_0805_2012Metric",211.100000,-168.550000,-90.000000,top
"C4","10u","C_0805_2012Metric",14.100000,-216.550000,-90.000000,top
"C4","10u","C_0805_2012Metric",211.100000,-216.550000,-90.000000,top
"D1","LED","LED_0805_2012Metric",17.500000,-204.000000,0.000000,top
"D1","LED","LED_0805_2012Metric",214.500000,-204.000000,0.000000,top
"D1","LED","LED_0805_2012Metric",17.500000,-12.000000,0.000000,top
"D1","LED","LED_0805_2012Metric",116.000000,-204.000000,0.000000,top
"D1","LED","LED_0805_2012Metric",214.500000,-156.000000,0.000000,top
"D1","LED","LED_0805_2012Metric",116.000000,-156.000000,0.000000,top
"D1","LED","LED_0805_2012Metric",17.500000,-156.000000,0.000000,top
"D1","LED","LED_0805_2012Metric",214.500000,-108.000000,0.000000,top
"D1","LED","LED_0805_2012Metric",116.000000,-108.000000,0.000000,top
"D1","LED","LED_0805_2012Metric",214.500000,-60.000000,0.000000,top
"D1","LED","LED_0805_2012Metric",17.500000,-108.000000,0.000000,top
"D1","LED","LED_0805_2012Metric",116.000000,-60.000000,0.000000,top
"D1","LED","LED_0805_2012Metric",17.500000,-60.000000,0.000000,top
"D1","LED","LED_0805_2012Metric",214.500000,-12.000000,0.000000,top
"D1","LED","LED_0805_2012Metric",116.000000,-12.000000,0.000000,top
"D2","LED","LED_0805_2012Metric",109.000000,-65.000000,-90.000000,top
"D2","LED","LED_0805_2012Metric",207.500000,-65.000000,-90.000000,top
"D2","LED","LED_0805_2012Metric",10.500000,-113.000000,-90.000000,top
"D2","LED","LED_0805_2012Metric",109.000000,-113.000000,-90.000000,top
"D2","LED","LED_0805_2012Metric",207.500000,-113.000000,-90.000000,top
"D2","LED","LED_0805_2012Metric",10.500000,-161.000000,-90.000000,top
"D2","LED","LED_0805_2012Metric",109.000000,-161.000000,-90.000000,top
"D2","LED","LED_0805_2012Metric",207.500000,-161.000000,-90.000000,top
"D2","LED","LED_0805_2012Metric",10.500000,-209.000000,-90.000000,top
"D2","LED","LED_0805_2012Metric",207.500000,-209.000000,-90.000000,top
"D2","LED","LED_0805_2012Metric",109.000000,-209.000000,-90.000000,top
"D2","LED","LED_0805_2012Metric",10.500000,-65.000000,-90.000000,top
"D2","LED","LED_0805_2012Metric",109.000000,-17.000000,-90.000000,top
"D2","LED","LED_0805_2012Metric",10.500000,-17.000000,-90.000000,top
"D2","LED","LED_0805_2012Metric",207.500000,-17.000000,-90.000000,top
"D3","LED","LED_0805_2012Metric",214.500000,-165.000000,0.000000,top
"D3","LED","LED_0805_2012Metric",214.500000,-213.000000,0.000000,top
"D3","LED","LED_0805_2012Metric",116.000000,-213.000000,0.000000,top
"D3","LED","LED_0805_2012Metric",17.500000,-213.000000,0.000000,top
"D3","LED","LED_0805_2012Metric",116.000000,-165.000000,0.000000,top
"D3","LED","LED_0805_2012Metric",17.500000,-165.000000,0.000000,top
"D3","LED","LED_0805_2012Metric",214.500000,-117.000000,0.000000,top
"D3","LED","LED_0805_2012Metric",116.000000,-117.000000,0.000000,top
"D3","LED","LED_0805_2012Metric",214.500000,-69.000000,0.000000,top
"D3","LED","LED_0805_2012Metric",116.000000,-69.000000,0.000000,top
"D3","LED","LED_0805_2012Metric",17.500000,-69.000000,0.000000,top
"D3","LED","LED_0805_2012Metric",214.500000,-21.000000,0.000000,top
"D3","LED","LED_0805_2012Metric",116.000000,-21.000000,0.000000,top
"D3","LED","LED_0805_2012Metric",17.500000,-21.000000,0.000000,top
"D3","LED","LED_0805_2012Metric",17.500000,-117.000000,0.000000,top
"D4","LED","LED_0805_2012Metric",220.500000,-26.000000,-90.000000,top
"D4","LED","LED_0805_2012Metric",23.500000,-74.000000,-90.000000,top
"D4","LED","LED_0805_2012Metric",122.000000,-74.000000,-90.000000,top
"D4","LED","LED_0805_2012Metric",220.500000,-74.000000,-90.000000,top
"D4","LED","LED_0805_2012Metric",23.500000,-122.000000,-90.000000,top
"D4","LED","LED_0805_2012Metric",122.000000,-122.000000,-90.000000,top
"D4","LED","LED_0805_2012Metric",220.500000,-122.000000,-90.000000,top
"D4","LED","LED_0805_2012Metric",23.500000,-170.000000,-90.000000,top
"D4","LED","LED_0805_2012Metric",122.000000,-170.000000,-90.000000,top
"D4","LED","LED_0805_2012Metric",220.500000,-170.000000,-90.000000,top
"D4","LED","LED_0805_2012Metric",23.500000,-218.000000,-90.000000,top
"D4","LED","LED_0805_2012Metric",220.500000,-218.000000,-90.000000,top
"D4","LED","LED_0805_2012Metric",122.000000,-218.000000,-90.000000,top
"D4","LED","LED_0805_2012Metric",23.500000,-26.000000,-90.000000,top
"D4","LED","LED_0805_2012Metric",122.000000,-26.000000,-90.000000,top
"D5","LED","LED_0805_2012Metric",17.500000,-30.000000,0.000000,top
"D5","LED","LED_0805_2012Metric",116.000000,-30.000000,0.000000,top
"D5","LED","LED_0805_2012Metric",214.500000,-30.000000,0.000000,top
"D5","LED","LED_0805_2012Metric",17.500000,-78.000000,0.000000,top
"D5","LED","LED_0805_2012Metric",116.000000,-78.000000,0.000000,top
"D5","LED","LED_0805_2012Metric",214.500000,-78.000000,0.000000,top
"D5","LED","LED_0805_2012Metric",17.500000,-126.000000,0.000000,top
"D5","LED","LED_0805_2012Metric",116.000000,-126.000000,0.000000,top
"D5","LED","LED_0805_2012Metric",214.500000,-126.000000,0.000000,top
"D5","LED","LED_0805_2012Metric",17.500000,-174.000000,0.000000,top
"D5","LED","LED_0805_2012Metric",116.000000,-174.000000,0.000000,top
"D5","LED","LED_0805_2012Metric",214.500000,-174.000000,0.000000,top
"D5","LED","LED_0805_2012Metric",17.500000,-222.000000,0.000000,top
"D5","LED","LED_0805_2012Metric",116.000000,-222.000000,0.000000,top
"D5","LED","LED_0805_2012Metric",214.500000,-222.000000,0.000000,top
"D6","LED","LED_0805_2012Metric",38.500000,-12.000000,0.000000,top
"D6","LED","LED_0805_2012Metric",137.000000,-12.000000,0.000000,top
"D6","LED","LED_0805_2012Metric",235.500000,-12.000000,0.000000,top
"D6","LED","LED_0805_2012Metric",38.500000,-108.000000,0.000000,top
"D6","LED","LED_0805_2012Metric",38.500000,-60.000000,0.000000,top
"D6","LED","LED_0805_2012Metric",137.000000,-60.000000,0.000000,top
"D6","LED","LED_0805_2012Metric",235.500000,-60.000000,0.000000,top
"D6","LED","LED_0805_2012Metric",137.000000,-108.000000,0.000000,top
"D6","LED","LED_0805_2012Metric",235.500000,-108.000000,0.000000,top
"D6","LED","LED_0805_2012Metric",38.500000,-156.000000,0.000000,top
"D6","LED","LED_0805_2012Metric",137.000000,-156.000000,0.000000,top
"D6","LED","LED_0805_2012Metric",235.500000,-156.000000,0.000000,top
"D6","LED","LED_0805_2012Metric",38.500000,-204.000000,0.000000,top
"D6","LED","LED_0805_2012Metric",137.000000,-204.000000,0.000000,top
"D6","LED","LED_0805_2012Metric",235.500000,-204.000000,0.000000,top
"D7","LED","LED_0805_2012Metric",130.000000,-209.000000,-90.000000,top
"D7","LED","LED_0805_2012Metric",31.500000,-17.000000,-90.000000,top
"D7","LED","LED_0805_2012Metric",130.000000,-17.000000,-90.000000,top
"D7","LED","LED_0805_2012Metric",228.500000,-17.000000,-90.000000,top
"D7","LED","LED_0805_2012Metric",31.500000,-65.000000,-90.000000,top
"D7","LED","LED_0805_2012Metric",130.000000,-65.000000,-90.000000,top
"D7","LED","LED_0805_2012Metric",228.500000,-65.000000,-90.000000,top
"D7","LED","LED_0805_2012Metric",31.500000,-113.000000,-90.000000,top
"D7","LED","LED_0805_2012Metric",130.000000,-113.000000,-90.000000,top
"D7","LED","LED_0805_2012Metric",228.500000,-113.000000,-90.000000,top
"D7","LED","LED_0805_2012Metric",31.500000,-161.000000,-90.000000,top
"D7","LED","LED_0805_2012Metric",130.000000,-161.000000,-90.000000,top
"D7","LED","LED_0805_2012Metric",228.500000,-161.000000,-90.000000,top
"D7","LED","LED_0805_2012Metric",31.500000,-209.000000,-90.000000,top
"D7","LED","LED_0805_2012Metric",228.500000,-209.000000,-90.000000,top
"D8","LED","LED_0805_2012Metric",235.500000,-69.000000,0.000000,top
"D8","LED","LED_0805_2012Metric",235.500000,-165.000000,0.000000,top
"D8","LED","LED_0805_2012Metric",137.000000,-21.000000,0.000000,top
"D8","LED","LED_0805_2012Metric",235.500000,-21.000000,0.000000,top
"D8","LED","LED_0805_2012Metric",38.500000,-69.000000,0.000000,top
"D8","LED","LED_0805_2012Metric",38.500000,-117.000000,0.000000,top
"D8","LED","LED_0805_2012Metric",137.000000,-117.000000,0.000000,top
"D8","LED","LED_0805_2012Metric",235.500000,-117.000000,0.000000,top
"D8","LED","LED_0805_2012Metric",38.500000,-165.000000,0.000000,top
"D8","LED","LED_0805_2012Metric",137.000000,-165.000000,0.000000,top
"D8","LED","LED_0805_2012Metric",38.500000,-21.000000,0.000000,top
"D8","LED","LED_0805_2012Metric",137.000000,-69.000000,0.000000,top
"D8","LED","LED_0805_2012Metric",235.500000,-213.000000,0.000000,top
"D8","LED","LED_0805_2012Metric",137.000000,-213.000000,0.000000,top
"D8","LED","LED_0805_2012Metric",38.500000,-213.000000,0.000000,top
"D9","LED","LED_0805_2012Metric",228.500000,-170.000000,-90.000000,top
"D9","LED","LED_0805_2012Metric",130.000000,-170.000000,-90.000000,top
"D9","LED","LED_0805_2012Metric",31.500000,-218.000000,-90.000000,top
"D9","LED","LED_0805_2012Metric",130.000000,-218.000000,-90.000000,top
"D9","LED","LED_0805_2012Metric",228.500000,-122.000000,-90.000000,top
"D9","LED","LED_0805_2012Metric",31.500000,-170.000000,-90.000000,top
"D9","LED","LED_0805_2012Metric",130.000000,-122.000000,-90.000000,top
"D9","LED","LED_0805_2012Metric",31.500000,-122.000000,-90.000000,top
"D9","LED","LED_0805_2012Metric",228.500000,-74.000000,-90.000000,top
"D9","LED","LED_0805_2012Metric",228.500000,-26.000000,-90.000000,top
"D9","LED","LED_0805_2012Metric",228.500000,-218.000000,-90.000000,top
"D9","LED","LED_0805_2012Metric",31.500000,-74.000000,-90.000000,top
"D9","LED","LED_0805_2012Metric",130.000000,-74.000000,-90.000000,top
"D9","LED","LED_0805_2012Metric",130.000000,-26.000000,-90.000000,top
"D9","LED","LED_0805_2012Metric",31.500000,-26.000000,-90.000000,top
"D10","LED","LED_0805_2012Metric",235.500000,-126.000000,0.000000,top
"D10","LED","LED_0805_2012Metric",137.000000,-126.000000,0.000000,top
"D10","LED","LED_0805_2012Metric",38.500000,-126.000000,0.000000,top
"D10","LED","LED_0805_2012Metric",235.500000,-78.000000,0.000000,top
"D10","LED","LED_0805_2012Metric",38.500000,-222.000000,0.000000,top
"D10","LED","LED_0805_2012Metric",235.500000,-174.000000,0.000000,top
"D10","LED","LED_0805_2012Metric",137.000000,-78.000000,0.000000,top
"D10","LED","LED_0805_2012Metric",38.500000,-78.000000,0.000000,top
"D10","LED","LED_0805_2012Metric",38.500000,-174.000000,0.000000,top
"D10","LED","LED_0805_2012Metric",38.500000,-30.000000,0.000000,top
"D10","LED","LED_0805_2012Metric",137.000000,-30.000000,0.000000,top
"D10","LED","LED_0805_2012Metric",235.500000,-30.000000,0.000000,top
"D10","LED","LED_0805_2012Metric",137.000000,-222.000000,0.000000,top
"D10","LED","LED_0805_2012Metric",235.500000,-222.000000,0.000000,top
"D10","LED","LED_0805_2012Metric",137.000000,-174.000000,0.000000,top
"D11","LED","LED_0805_2012Metric",115.000000,-227.000000,0.000000,top
"D11","LED","LED_0805_2012Metric",213.500000,-35.000000,0.000000,top
"D11","LED","LED_0805_2012Metric",213.500000,-227.000000,0.000000,top
"D11","LED","LED_0805_2012Metric",16.500000,-35.000000,0.000000,top
"D11","LED","LED_0805_2012Metric",115.000000,-35.000000,0.000000,top
"D11","LED","LED_0805_2012Metric",16.500000,-83.000000,0.000000,top
"D11","LED","LED_0805_2012Metric",115.000000,-83.000000,0.000000,top
"D11","LED","LED_0805_2012Metric",213.500000,-83.000000,0.000000,top
"D11","LED","LED_0805_2012Metric",16.500000,-131.000000,0.000000,top
"D11","LED","LED_0805_2012Metric",115.000000,-131.000000,0.000000,top
"D11","LED","LED_0805_2012Metric",16.500000,-227.000000,0.000000,top
"D11","LED","LED_0805_2012Metric",213.500000,-179.000000,0.000000,top
"D11","LED","LED_0805_2012Metric",115.000000,-179.000000,0.000000,top
"D11","LED","LED_0805_2012Metric",16.500000,-179.000000,0.000000,top
"D11","LED","LED_0805_2012Metric",213.500000,-131.000000,0.000000,top
"D12","LED","LED_0805_2012Metric",159.092000,-77.410000,-90.000000,top
"D12","LED","LED_0805_2012Metric",257.592000,-125.410000,-90.000000,top
"D12","LED","LED_0805_2012Metric",60.592000,-173.410000,-90.000000,top
"D12","LED","LED_0805_2012Metric",159.092000,-173.410000,-90.000000,top
"D12","LED","LED_0805_2012Metric",60.592000,-29.410000,-90.000000,top
"D12","LED","LED_0805_2012Metric",257.592000,-173.410000,-90.000000,top
"D12","LED","LED_0805_2012Metric",159.092000,-29.410000,-90.000000,top
"D12","LED","LED_0805_2012Metric",257.592000,-29.410000,-90.000000,top
"D12","LED","LED_0805_2012Metric",60.592000,-77.410000,-90.000000,top
"D12","LED","LED_0805_2012Metric",159.092000,-125.410000,-90.000000,top
"D12","LED","LED_0805_2012Metric",257.592000,-221.410000,-90.000000,top
"D12","LED","LED_0805_2012Metric",159.092000,-221.410000,-90.000000,top
"D12","LED","LED_0805_2012Metric",60.592000,-221.410000,-90.000000,top
"D12","LED","LED_0805_2012Metric",257.592000,-77.410000,-90.000000,top
"D12","LED","LED_0805_2012Metric",60.592000,-125.410000,-90.000000,top
"D13","LED","LED_0805_2012Metric",231.500000,-83.000000,180.000000,top
"D13","LED","LED_0805_2012Metric",34.500000,-83.000000,180.000000,top
"D13","LED","LED_0805_2012Metric",231.500000,-35.000000,180.000000,top
"D13","LED","LED_0805_2012Metric",231.500000,-227.000000,180.000000,top
"D13","LED","LED_0805_2012Metric",133.000000,-227.000000,180.000000,top
"D13","LED","LED_0805_2012Metric",34.500000,-227.000000,180.000000,top
"D13","LED","LED_0805_2012Metric",133.000000,-35.000000,180.000000,top
"D13","LED","LED_0805_2012Metric",34.500000,-35.000000,180.000000,top
"D13","LED","LED_0805_2012Metric",231.500000,-179.000000,180.000000,top
"D13","LED","LED_0805_2012Metric",133.000000,-179.000000,180.000000,top
"D13","LED","LED_0805_2012Metric",133.000000,-83.000000,180.000000,top
"D13","LED","LED_0805_2012Metric",34.500000,-179.000000,180.000000,top
"D13","LED","LED_0805_2012Metric",231.500000,-131.000000,180.000000,top
"D13","LED","LED_0805_2012Metric",133.000000,-131.000000,180.000000,top
"D13","LED","LED_0805_2012Metric",34.500000,-131.000000,180.000000,top
"D14","LED","LED_0805_2012Metric",151.000000,-179.000000,0.000000,top
"D14","LED","LED_0805_2012Metric",151.000000,-83.000000,0.000000,top
"D14","LED","LED_0805_2012Metric",249.500000,-83.000000,0.000000,top
"D14","LED","LED_0805_2012Metric",249.500000,-227.000000,0.000000,top
"D14","LED","LED_0805_2012Metric",151.000000,-227.000000,0.000000,top
"D14","LED","LED_0805_2012Metric",52.500000,-131.000000,0.000000,top
"D14","LED","LED_0805_2012Metric",151.000000,-131.000000,0.000000,top
"D14","LED","LED_0805_2012Metric",52.500000,-227.000000,0.000000,top
"D14","LED","LED_0805_2012Metric",249.500000,-131.000000,0.000000,top
"D14","LED","LED_0805_2012Metric",52.500000,-35.000000,0.000000,top
"D14","LED","LED_0805_2012Metric",151.000000,-35.000000,0.000000,top
"D14","LED","LED_0805_2012Metric",249.500000,-35.000000,0.000000,top
"D14","LED","LED_0805_2012Metric",52.500000,-83.000000,0.000000,top
"D14","LED","LED_0805_2012Metric",249.500000,-179.000000,0.000000,top
"D14","LED","LED_0805_2012Metric",52.500000,-179.000000,0.000000,top
"D15","LED","LED_0805_2012Metric",257.592000,-201.090000,0.000000,top
"D15","LED","LED_0805_2012Metric",159.092000,-9.090000,0.000000,top
"D15","LED","LED_0805_2012Metric",60.592000,-9.090000,0.000000,top
"D15","LED","LED_0805_2012Metric",60.592000,-201.090000,0.000000,top
"D15","LED","LED_0805_2012Metric",257.592000,-153.090000,0.000000,top
"D15","LED","LED_0805_2012Metric",159.092000,-201.090000,0.000000,top
"D15","LED","LED_0805_2012Metric",257.592000,-9.090000,0.000000,top
"D15","LED","LED_0805_2012Metric",60.592000,-57.090000,0.000000,top
"D15","LED","LED_0805_2012Metric",159.092000,-57.090000,0.000000,top
"D15","LED","LED_0805_2012Metric",257.592000,-57.090000,0.000000,top
"D15","LED","LED_0805_2012Metric",60.592000,-105.090000,0.000000,top
"D15","LED","LED_0805_2012Metric",159.092000,-105.090000,0.000000,top
"D15","LED","LED_0805_2012Metric",257.592000,-105.090000,0.000000,top
"D15","LED","LED_0805_2012Metric",60.592000,-153.090000,0.000000,top
"D15","LED","LED_0805_2012Metric",159.092000,-153.090000,0.000000,top
"D17","LED","LED_0805_2012Metric",268.768000,-82.998000,0.000000,top
"D17","LED","LED_0805_2012Metric",71.768000,-130.998000,0.000000,top
"D17","LED","LED_0805_2012Metric",170.268000,-130.998000,0.000000,top
"D17","LED","LED_0805_2012Metric",268.768000,-130.998000,0.000000,top
"D17","LED","LED_0805_2012Metric",71.768000,-178.998000,0.000000,top
"D17","LED","LED_0805_2012Metric",170.268000,-178.998000,0.000000,top
"D17","LED","LED_0805_2012Metric",268.768000,-178.998000,0.000000,top
"D17","LED","LED_0805_2012Metric",71.768000,-226.998000,0.000000,top
"D17","LED","LED_0805_2012Metric",170.268000,-226.998000,0.000000,top
"D17","LED","LED_0805_2012Metric",268.768000,-226.998000,0.000000,top
"D17","LED","LED_0805_2012Metric",170.268000,-82.998000,0.000000,top
"D17","LED","LED_0805_2012Metric",268.768000,-34.998000,0.000000,top
"D17","LED","LED_0805_2012Metric",71.768000,-34.998000,0.000000,top
"D17","LED","LED_0805_2012Metric",170.268000,-34.998000,0.000000,top
"D17","LED","LED_0805_2012Metric",71.768000,-82.998000,0.000000,top
"D18","LED","LED_0805_2012Metric",74.562000,-163.504000,90.000000,top
"D18","LED","LED_0805_2012Metric",271.562000,-211.504000,90.000000,top
"D18","LED","LED_0805_2012Metric",173.062000,-211.504000,90.000000,top
"D18","LED","LED_0805_2012Metric",74.562000,-19.504000,90.000000,top
"D18","LED","LED_0805_2012Metric",173.062000,-19.504000,90.000000,top
"D18","LED","LED_0805_2012Metric",74.562000,-211.504000,90.000000,top
"D18","LED","LED_0805_2012Metric",271.562000,-163.504000,90.000000,top
"D18","LED","LED_0805_2012Metric",173.062000,-163.504000,90.000000,top
"D18","LED","LED_0805_2012Metric",271.562000,-67.504000,90.000000,top
"D18","LED","LED_0805_2012Metric",271.562000,-115.504000,90.000000,top
"D18","LED","LED_0805_2012Metric",173.062000,-67.504000,90.000000,top
"D18","LED","LED_0805_2012Metric",74.562000,-67.504000,90.000000,top
"D18","LED","LED_0805_2012Metric",271.562000,-19.504000,90.000000,top
"D18","LED","LED_0805_2012Metric",74.562000,-115.504000,90.000000,top
"D18","LED","LED_0805_2012Metric",173.062000,-115.504000,90.000000,top
"D19","LED","LED_0805_2012Metric",181.000000,-201.000000,180.000000,top
"D19","LED","LED_0805_2012Metric",279.500000,-153.000000,180.000000,top
"D19","LED","LED_0805_2012Metric",82.500000,-201.000000,180.000000,top
"D19","LED","LED_0805_2012Metric",279.500000,-201.000000,180.000000,top
"D19","LED","LED_0805_2012Metric",82.500000,-9.000000,180.000000,top
"D19","LED","LED_0805_2012Metric",181.000000,-9.000000,180.000000,top
"D19","LED","LED_0805_2012Metric",279.500000,-9.000000,180.000000,top
"D19","LED","LED_0805_2012Metric",82.500000,-57.000000,180.000000,top
"D19","LED","LED_0805_2012Metric",181.000000,-57.000000,180.000000,top
"D19","LED","LED_0805_2012Metric",279.500000,-57.000000,180.000000,top
"D19","LED","LED_0805_2012Metric",82.500000,-105.000000,180.000000,top
"D19","LED","LED_0805_2012Metric",181.000000,-105.000000,180.000000,top
"D19","LED","LED_0805_2012Metric",279.500000,-105.000000,180.000000,top
"D19","LED","LED_0805_2012Metric",82.500000,-153.000000,180.000000,top
"D19","LED","LED_0805_2012Metric",181.000000,-153.000000,180.000000,top
"D20","LED","LED_0805_2012Metric",90.564000,-20.520000,90.000000,top
"D20","LED","LED_0805_2012Metric",189.064000,-20.520000,90.000000,top
"D20","LED","LED_0805_2012Metric",287.564000,-20.520000,90.000000,top
"D20","LED","LED_0805_2012Metric",189.064000,-164.520000,90.000000,top
"D20","LED","LED_0805_2012Metric",90.564000,-68.520000,90.000000,top
"D20","LED","LED_0805_2012Metric",189.064000,-68.520000,90.000000,top
"D20","LED","LED_0805_2012Metric",287.564000,-68.520000,90.000000,top
"D20","LED","LED_0805_2012Metric",90.564000,-116.520000,90.000000,top
"D20","LED","LED_0805_2012Metric",189.064000,-116.520000,90.000000,top
"D20","LED","LED_0805_2012Metric",287.564000,-116.520000,90.000000,top
"D20","LED","LED_0805_2012Metric",90.564000,-164.520000,90.000000,top
"D20","LED","LED_0805_2012Metric",287.564000,-164.520000,90.000000,top
"D20","LED","LED_0805_2012Metric",90.564000,-212.520000,90.000000,top
"D20","LED","LED_0805_2012Metric",189.064000,-212.520000,90.000000,top
"D20","LED","LED_0805_2012Metric",287.564000,-212.520000,90.000000,top
"D21","LED","LED_0805_2012Metric",159.092000,-19.758000,90.000000,top
"D21","LED","LED_0805_2012Metric",60.592000,-19.758000,90.000000,top
"D21","LED","LED_0805_2012Metric",60.592000,-163.758000,90.000000,top
"D21","LED","LED_0805_2012Metric",257.592000,-115.758000,90.000000,top
"D21","LED","LED_0805_2012Metric",257.592000,-211.758000,90.000000,top
"D21","LED","LED_0805_2012Metric",60.592000,-211.758000,90.000000,top
"D21","LED","LED_0805_2012Metric",257.592000,-163.758000,90.000000,top
"D21","LED","LED_0805_2012Metric",159.092000,-163.758000,90.000000,top
"D21","LED","LED_0805_2012Metric",257.592000,-19.758000,90.000000,top
"D21","LED","LED_0805_2012Metric",60.592000,-67.758000,90.000000,top
"D21","LED","LED_0805_2012Metric",159.092000,-67.758000,90.000000,top
"D21","LED","LED_0805_2012Metric",257.592000,-67.758000,90.000000,top
"D21","LED","LED_0805_2012Metric",159.092000,-211.758000,90.000000,top
"D21","LED","LED_0805_2012Metric",159.092000,-115.758000,90.000000,top
"D21","LED","LED_0805_2012Metric",60.592000,-115.758000,90.000000,top
"D22","LED","LED_0805_2012Metric",92.771500,-82.998000,0.000000,top
"D22","LED","LED_0805_2012Metric",191.271500,-226.998000,0.000000,top
"D22","LED","LED_0805_2012Metric",191.271500,-82.998000,0.000000,top
"D22","LED","LED_0805_2012Metric",289.771500,-82.998000,0.000000,top
"D22","LED","LED_0805_2012Metric",92.771500,-130.998000,0.000000,top
"D22","LED","LED_0805_2012Metric",191.271500,-130.998000,0.000000,top
"D22","LED","LED_0805_2012Metric",289.771500,-34.998000,0.000000,top
"D22","LED","LED_0805_2012Metric",191.271500,-34.998000,0.000000,top
"D22","LED","LED_0805_2012Metric",92.771500,-34.998000,0.000000,top
"D22","LED","LED_0805_2012Metric",289.771500,-226.998000,0.000000,top
"D22","LED","LED_0805_2012Metric",289.771500,-178.998000,0.000000,top
"D22","LED","LED_0805_2012Metric",191.271500,-178.998000,0.000000,top
"D22","LED","LED_0805_2012Metric",92.771500,-178.998000,0.000000,top
"D22","LED","LED_0805_2012Metric",289.771500,-130.998000,0.000000,top
"D22","LED","LED_0805_2012Metric",92.771500,-226.998000,0.000000,top
"D23","LED","LED_0805_2012Metric",52.464000,-21.028000,90.000000,top
"D23","LED","LED_0805_2012Metric",150.964000,-21.028000,90.000000,top
"D23","LED","LED_0805_2012Metric",249.464000,-21.028000,90.000000,top
"D23","LED","LED_0805_2012Metric",52.464000,-69.028000,90.000000,top
"D23","LED","LED_0805_2012Metric",150.964000,-69.028000,90.000000,top
"D23","LED","LED_0805_2012Metric",249.464000,-69.028000,90.000000,top
"D23","LED","LED_0805_2012Metric",52.464000,-117.028000,90.000000,top
"D23","LED","LED_0805_2012Metric",150.964000,-117.028000,90.000000,top
"D23","LED","LED_0805_2012Metric",249.464000,-117.028000,90.000000,top
"D23","LED","LED_0805_2012Metric",52.464000,-165.028000,90.000000,top
"D23","LED","LED_0805_2012Metric",150.964000,-165.028000,90.000000,top
"D23","LED","LED_0805_2012Metric",249.464000,-165.028000,90.000000,top
"D23","LED","LED_0805_2012Metric",52.464000,-213.028000,90.000000,top
"D23","LED","LED_0805_2012Metric",150.964000,-213.028000,90.000000,top
"D23","LED","LED_0805_2012Metric",249.464000,-213.028000,90.000000,top
"D24","LED","LED_0805_2012Metric",167.220000,-163.758000,90.000000,top
"D24","LED","LED_0805_2012Metric",68.720000,-115.758000,90.000000,top
"D24","LED","LED_0805_2012Metric",167.220000,-115.758000,90.000000,top
"D24","LED","LED_0805_2012Metric",68.720000,-67.758000,90.000000,top
"D24","LED","LED_0805_2012Metric",167.220000,-67.758000,90.000000,top
"D24","LED","LED_0805_2012Metric",265.720000,-115.758000,90.000000,top
"D24","LED","LED_0805_2012Metric",265.720000,-67.758000,90.000000,top
"D24","LED","LED_0805_2012Metric",68.720000,-163.758000,90.000000,top
"D24","LED","LED_0805_2012Metric",265.720000,-19.758000,90.000000,top
"D24","LED","LED_0805_2012Metric",265.720000,-163.758000,90.000000,top
"D24","LED","LED_0805_2012Metric",68.720000,-211.758000,90.000000,top
"D24","LED","LED_0805_2012Metric",167.220000,-211.758000,90.000000,top
"D24","LED","LED_0805_2012Metric",265.720000,-211.758000,90.000000,top
"D24","LED","LED_0805_2012Metric",167.220000,-19.758000,90.000000,top
"D24","LED","LED_0805_2012Metric",68.720000,-19.758000,90.000000,top
"D25","LED","LED_0805_2012Metric",181.000000,-112.964000,0.000000,top
"D25","LED","LED_0805_2012Metric",279.500000,-112.964000,0.000000,top
"D25","LED","LED_0805_2012Metric",181.000000,-208.964000,0.000000,top
"D25","LED","LED_0805_2012Metric",82.500000,-160.964000,0.000000,top
"D25","LED","LED_0805_2012Metric",181.000000,-160.964000,0.000000,top
"D25","LED","LED_0805_2012Metric",279.500000,-160.964000,0.000000,top
"D25","LED","LED_0805_2012Metric",82.500000,-208.964000,0.000000,top
"D25","LED","LED_0805_2012Metric",82.500000,-112.964000,0.000000,top
"D25","LED","LED_0805_2012Metric",181.000000,-64.964000,0.000000,top
"D25","LED","LED_0805_2012Metric",82.500000,-16.964000,0.000000,top
"D25","LED","LED_0805_2012Metric",181.000000,-16.964000,0.000000,top
"D25","LED","LED_0805_2012Metric",82.500000,-64.964000,0.000000,top
"D25","LED","LED_0805_2012Metric",279.500000,-64.964000,0.000000,top
"D25","LED","LED_0805_2012Metric",279.500000,-16.964000,0.000000,top
"D25","LED","LED_0805_2012Metric",279.500000,-208.964000,0.000000,top
"D26","LED","LED_0805_2012Metric",78.626000,-20.774000,90.000000,top
"D26","LED","LED_0805_2012Metric",78.626000,-68.774000,90.000000,top
"D26","LED","LED_0805_2012Metric",177.126000,-68.774000,90.000000,top
"D26","LED","LED_0805_2012Metric",275.626000,-68.774000,90.000000,top
"D26","LED","LED_0805_2012Metric",78.626000,-116.774000,90.000000,top
"D26","LED","LED_0805_2012Metric",177.126000,-116.774000,90.000000,top
"D26","LED","LED_0805_2012Metric",275.626000,-20.774000,90.000000,top
"D26","LED","LED_0805_2012Metric",177.126000,-20.774000,90.000000,top
"D26","LED","LED_0805_2012Metric",275.626000,-116.774000,90.000000,top
"D26","LED","LED_0805_2012Metric",78.626000,-164.774000,90.000000,top
"D26","LED","LED_0805_2012Metric",177.126000,-164.774000,90.000000,top
"D26","LED","LED_0805_2012Metric",275.626000,-164.774000,90.000000,top
"D26","LED","LED_0805_2012Metric",78.626000,-212.774000,90.000000,top
"D26","LED","LED_0805_2012Metric",177.126000,-212.774000,90.000000,top
"D26","LED","LED_0805_2012Metric",275.626000,-212.774000,90.000000,top
"D27","LED","LED_0805_2012Metric",181.444000,-120.076000,0.000000,top
"D27","LED","LED_0805_2012Metric",82.944000,-72.076000,0.000000,top
"D27","LED","LED_0805_2012Metric",279.944000,-120.076000,0.000000,top
"D27","LED","LED_0805_2012Metric",82.944000,-120.076000,0.000000,top
"D27","LED","LED_0805_2012Metric",82.944000,-168.076000,0.000000,top
"D27","LED","LED_0805_2012Metric",181.444000,-168.076000,0.000000,top
"D27","LED","LED_0805_2012Metric",279.944000,-168.076000,0.000000,top
"D27","LED","LED_0805_2012Metric",82.944000,-216.076000,0.000000,top
"D27","LED","LED_0805_2012Metric",181.444000,-216.076000,0.000000,top
"D27","LED","LED_0805_2012Metric",279.944000,-216.076000,0.000000,top
"D27","LED","LED_0805_2012Metric",279.944000,-72.076000,0.000000,top
"D27","LED","LED_0805_2012Metric",181.444000,-72.076000,0.000000,top
"D27","LED","LED_0805_2012Metric",279.944000,-24.076000,0.000000,top
"D27","LED","LED_0805_2012Metric",82.944000,-24.076000,0.000000,top
"D27","LED","LED_0805_2012Metric",181.444000,-24.076000,0.000000,top
"D28","LED","LED_0805_2012Metric",283.500000,-27.378000,90.000000,top
"D28","LED","LED_0805_2012Metric",185.000000,-171.378000,90.000000,top
"D28","LED","LED_0805_2012Metric",185.000000,-219.378000,90.000000,top
"D28","LED","LED_0805_2012Metric",86.500000,-219.378000,90.000000,top
"D28","LED","LED_0805_2012Metric",283.500000,-171.378000,90.000000,top
"D28","LED","LED_0805_2012Metric",283.500000,-219.378000,90.000000,top
"D28","LED","LED_0805_2012Metric",86.500000,-171.378000,90.000000,top
"D28","LED","LED_0805_2012Metric",283.500000,-123.378000,90.000000,top
"D28","LED","LED_0805_2012Metric",185.000000,-123.378000,90.000000,top
"D28","LED","LED_0805_2012Metric",86.500000,-123.378000,90.000000,top
"D28","LED","LED_0805_2012Metric",283.500000,-75.378000,90.000000,top
"D28","LED","LED_0805_2012Metric",185.000000,-75.378000,90.000000,top
"D28","LED","LED_0805_2012Metric",86.500000,-75.378000,90.000000,top
"D28","LED","LED_0805_2012Metric",86.500000,-27.378000,90.000000,top
"D28","LED","LED_0805_2012Metric",185.000000,-27.378000,90.000000,top
"D29","LED","LED_0805_2012Metric",181.000000,-223.188000,0.000000,top
"D29","LED","LED_0805_2012Metric",82.500000,-223.188000,0.000000,top
"D29","LED","LED_0805_2012Metric",279.500000,-175.188000,0.000000,top
"D29","LED","LED_0805_2012Metric",181.000000,-175.188000,0.000000,top
"D29","LED","LED_0805_2012Metric",82.500000,-175.188000,0.000000,top
"D29","LED","LED_0805_2012Metric",279.500000,-127.188000,0.000000,top
"D29","LED","LED_0805_2012Metric",181.000000,-127.188000,0.000000,top
"D29","LED","LED_0805_2012Metric",279.500000,-223.188000,0.000000,top
"D29","LED","LED_0805_2012Metric",82.500000,-127.188000,0.000000,top
"D29","LED","LED_0805_2012Metric",279.500000,-79.188000,0.000000,top
"D29","LED","LED_0805_2012Metric",181.000000,-79.188000,0.000000,top
"D29","LED","LED_0805_2012Metric",82.500000,-79.188000,0.000000,top
"D29","LED","LED_0805_2012Metric",279.500000,-31.188000,0.000000,top
"D29","LED","LED_0805_2012Metric",181.000000,-31.188000,0.000000,top
"D29","LED","LED_0805_2012Metric",82.500000,-31.188000,0.000000,top
"J1","Conn_01x04","PinHeader_1x04_P1.27mm_Vertical",273.230000,-182.200000,90.000000,top
"J1","Conn_01x04","PinHeader_1x04_P1.27mm_Vertical",76.230000,-230.200000,90.000000,top
"J1","Conn_01x04","PinHeader_1x04_P1.27mm_Vertical",174.730000,-230.200000,90.000000,top
"J1","Conn_01x04","PinHeader_1x04_P1.27mm_Vertical",273.230000,-230.200000,90.000000,top
"J1","Conn_01x04","PinHeader_1x04_P1.27mm_Vertical",174.730000,-182.200000,90.000000,top
"J1","Conn_01x04","PinHeader_1x04_P1.27mm_Vertical",76.230000,-182.200000,90.000000,top
"J1","Conn_01x04","PinHeader_1x04_P1.27mm_Vertical",76.230000,-38.200000,90.000000,top
"J1","Conn_01x04","PinHeader_1x04_P1.27mm_Vertical",174.730000,-38.200000,90.000000,top
"J1","Conn_01x04","PinHeader_1x04_P1.27mm_Vertical",273.230000,-38.200000,90.000000,top
"J1","Conn_01x04","PinHeader_1x04_P1.27mm_Vertical",76.230000,-86.200000,90.000000,top
"J1","Conn_01x04","PinHeader_1x04_P1.27mm_Vertical",174.730000,-86.200000,90.000000,top
"J1","Conn_01x04","PinHeader_1x04_P1.27mm_Vertical",273.230000,-86.200000,90.000000,top
"J1","Conn_01x04","PinHeader_1x04_P1.27mm_Vertical",76.230000,-134.200000,90.000000,top
"J1","Conn_01x04","PinHeader_1x04_P1.27mm_Vertical",174.730000,-134.200000,90.000000,top
"J1","Conn_01x04","PinHeader_1x04_P1.27mm_Vertical",273.230000,-134.200000,90.000000,top
"J2","Conn_01x01_Male","PinHeader_1x01_P2.54mm_Vertical",129.000000,-3.000000,0.000000,top
"J2","Conn_01x01_Male","PinHeader_1x01_P2.54mm_Vertical",30.500000,-3.000000,0.000000,top
"J2","Conn_01x01_Male","PinHeader_1x01_P2.54mm_Vertical",227.500000,-3.000000,0.000000,top
"J2","Conn_01x01_Male","PinHeader_1x01_P2.54mm_Vertical",30.500000,-51.000000,0.000000,top
"J2","Conn_01x01_Male","PinHeader_1x01_P2.54mm_Vertical",129.000000,-51.000000,0.000000,top
"J2","Conn_01x01_Male","PinHeader_1x01_P2.54mm_Vertical",227.500000,-51.000000,0.000000,top
"J2","Conn_01x01_Male","PinHeader_1x01_P2.54mm_Vertical",30.500000,-99.000000,0.000000,top
"J2","Conn_01x01_Male","PinHeader_1x01_P2.54mm_Vertical",129.000000,-99.000000,0.000000,top
"J2","Conn_01x01_Male","PinHeader_1x01_P2.54mm_Vertical",227.500000,-99.000000,0.000000,top
"J2","Conn_01x01_Male","PinHeader_1x01_P2.54mm_Vertical",30.500000,-147.000000,0.000000,top
"J2","Conn_01x01_Male","PinHeader_1x01_P2.54mm_Vertical",129.000000,-147.000000,0.000000,top
"J2","Conn_01x01_Male","PinHeader_1x01_P2.54mm_Vertical",227.500000,-147.000000,0.000000,top
"J2","Conn_01x01_Male","PinHeader_1x01_P2.54mm_Vertical",227.500000,-195.000000,0.000000,top
"J2","Conn_01x01_Male","PinHeader_1x01_P2.54mm_Vertical",30.500000,-195.000000,0.000000,top
"J2","Conn_01x01_Male","PinHeader_1x01_P2.54mm_Vertical",129.000000,-195.000000,0.000000,top
"J3","Conn_01x01_Male","PinHeader_1x01_P2.54mm_Vertical",13.100000,-2.000000,0.000000,top
"J3","Conn_01x01_Male","PinHeader_1x01_P2.54mm_Vertical",13.100000,-146.000000,0.000000,top
"J3","Conn_01x01_Male","PinHeader_1x01_P2.54mm_Vertical",111.600000,-2.000000,0.000000,top
"J3","Conn_01x01_Male","PinHeader_1x01_P2.54mm_Vertical",210.100000,-2.000000,0.000000,top
"J3","Conn_01x01_Male","PinHeader_1x01_P2.54mm_Vertical",13.100000,-50.000000,0.000000,top
"J3","Conn_01x01_Male","PinHeader_1x01_P2.54mm_Vertical",111.600000,-50.000000,0.000000,top
"J3","Conn_01x01_Male","PinHeader_1x01_P2.54mm_Vertical",210.100000,-50.000000,0.000000,top
"J3","Conn_01x01_Male","PinHeader_1x01_P2.54mm_Vertical",13.100000,-98.000000,0.000000,top
"J3","Conn_01x01_Male","PinHeader_1x01_P2.54mm_Vertical",111.600000,-98.000000,0.000000,top
"J3","Conn_01x01_Male","PinHeader_1x01_P2.54mm_Vertical",210.100000,-98.000000,0.000000,top
"J3","Conn_01x01_Male","PinHeader_1x01_P2.54mm_Vertical",210.100000,-194.000000,0.000000,top
"J3","Conn_01x01_Male","PinHeader_1x01_P2.54mm_Vertical",111.600000,-194.000000,0.000000,top
"J3","Conn_01x01_Male","PinHeader_1x01_P2.54mm_Vertical",13.100000,-194.000000,0.000000,top
"J3","Conn_01x01_Male","PinHeader_1x01_P2.54mm_Vertical",210.100000,-146.000000,0.000000,top
"J3","Conn_01x01_Male","PinHeader_1x01_P2.54mm_Vertical",111.600000,-146.000000,0.000000,top
"J4","Conn_01x01_Male","PinHeader_1x01_P2.54mm_Vertical",279.000000,-188.000000,0.000000,top
"J4","Conn_01x01_Male","PinHeader_1x01_P2.54mm_Vertical",82.000000,-44.000000,0.000000,top
"J4","Conn_01x01_Male","PinHeader_1x01_P2.54mm_Vertical",180.500000,-44.000000,0.000000,top
"J4","Conn_01x01_Male","PinHeader_1x01_P2.54mm_Vertical",279.000000,-44.000000,0.000000,top
"J4","Conn_01x01_Male","PinHeader_1x01_P2.54mm_Vertical",82.000000,-92.000000,0.000000,top
"J4","Conn_01x01_Male","PinHeader_1x01_P2.54mm_Vertical",180.500000,-92.000000,0.000000,top
"J4","Conn_01x01_Male","PinHeader_1x01_P2.54mm_Vertical",279.000000,-92.000000,0.000000,top
"J4","Conn_01x01_Male","PinHeader_1x01_P2.54mm_Vertical",82.000000,-140.000000,0.000000,top
"J4","Conn_01x01_Male","PinHeader_1x01_P2.54mm_Vertical",180.500000,-140.000000,0.000000,top
"J4","Conn_01x01_Male","PinHeader_1x01_P2.54mm_Vertical",279.000000,-140.000000,0.000000,top
"J4","Conn_01x01_Male","PinHeader_1x01_P2.54mm_Vertical",279.000000,-236.000000,0.000000,top
"J4","Conn_01x01_Male","PinHeader_1x01_P2.54mm_Vertical",82.000000,-188.000000,0.000000,top
"J4","Conn_01x01_Male","PinHeader_1x01_P2.54mm_Vertical",180.500000,-236.000000,0.000000,top
"J4","Conn_01x01_Male","PinHeader_1x01_P2.54mm_Vertical",180.500000,-188.000000,0.000000,top
"J4","Conn_01x01_Male","PinHeader_1x01_P2.54mm_Vertical",82.000000,-236.000000,0.000000,top
"J5","Conn_01x01_Male","PinHeader_1x01_P2.54mm_Vertical",159.000000,-195.000000,0.000000,top
"J5","Conn_01x01_Male","PinHeader_1x01_P2.54mm_Vertical",257.500000,-195.000000,0.000000,top
"J5","Conn_01x01_Male","PinHeader_1x01_P2.54mm_Vertical",60.500000,-195.000000,0.000000,top
"J5","Conn_01x01_Male","PinHeader_1x01_P2.54mm_Vertical",60.500000,-3.000000,0.000000,top
"J5","Conn_01x01_Male","PinHeader_1x01_P2.54mm_Vertical",257.500000,-147.000000,0.000000,top
"J5","Conn_01x01_Male","PinHeader_1x01_P2.54mm_Vertical",159.000000,-3.000000,0.000000,top
"J5","Conn_01x01_Male","PinHeader_1x01_P2.54mm_Vertical",159.000000,-147.000000,0.000000,top
"J5","Conn_01x01_Male","PinHeader_1x01_P2.54mm_Vertical",257.500000,-3.000000,0.000000,top
"J5","Conn_01x01_Male","PinHeader_1x01_P2.54mm_Vertical",60.500000,-51.000000,0.000000,top
"J5","Conn_01x01_Male","PinHeader_1x01_P2.54mm_Vertical",159.000000,-51.000000,0.000000,top
"J5","Conn_01x01_Male","PinHeader_1x01_P2.54mm_Vertical",257.500000,-51.000000,0.000000,top
"J5","Conn_01x01_Male","PinHeader_1x01_P2.54mm_Vertical",60.500000,-99.000000,0.000000,top
"J5","Conn_01x01_Male","PinHeader_1x01_P2.54mm_Vertical",159.000000,-99.000000,0.000000,top
"J5","Conn_01x01_Male","PinHeader_1x01_P2.54mm_Vertical",60.500000,-147.000000,0.000000,top
"J5","Conn_01x01_Male","PinHeader_1x01_P2.54mm_Vertical",257.500000,-99.000000,0.000000,top
"J6","Conn_01x01_Male","PinHeader_1x01_P2.54mm_Vertical",180.500000,-50.000000,0.000000,top
"J6","Conn_01x01_Male","PinHeader_1x01_P2.54mm_Vertical",279.000000,-50.000000,0.000000,top
"J6","Conn_01x01_Male","PinHeader_1x01_P2.54mm_Vertical",279.000000,-194.000000,0.000000,top
"J6","Conn_01x01_Male","PinHeader_1x01_P2.54mm_Vertical",180.500000,-194.000000,0.000000,top
"J6","Conn_01x01_Male","PinHeader_1x01_P2.54mm_Vertical",82.000000,-194.000000,0.000000,top
"J6","Conn_01x01_Male","PinHeader_1x01_P2.54mm_Vertical",279.000000,-146.000000,0.000000,top
"J6","Conn_01x01_Male","PinHeader_1x01_P2.54mm_Vertical",180.500000,-146.000000,0.000000,top
"J6","Conn_01x01_Male","PinHeader_1x01_P2.54mm_Vertical",82.000000,-146.000000,0.000000,top
"J6","Conn_01x01_Male","PinHeader_1x01_P2.54mm_Vertical",279.000000,-98.000000,0.000000,top
"J6","Conn_01x01_Male","PinHeader_1x01_P2.54mm_Vertical",180.500000,-98.000000,0.000000,top
"J6","Conn_01x01_Male","PinHeader_1x01_P2.54mm_Vertical",82.000000,-98.000000,0.000000,top
"J6","Conn_01x01_Male","PinHeader_1x01_P2.54mm_Vertical",82.000000,-50.000000,0.000000,top
"J6","Conn_01x01_Male","PinHeader_1x01_P2.54mm_Vertical",82.000000,-2.000000,0.000000,top
"J6","Conn_01x01_Male","PinHeader_1x01_P2.54mm_Vertical",180.500000,-2.000000,0.000000,top
"J6","Conn_01x01_Male","PinHeader_1x01_P2.54mm_Vertical",279.000000,-2.000000,0.000000,top
"J8","Conn_01x01_Male","PinHeader_1x01_P2.54mm_Vertical",111.500000,-140.000000,0.000000,top
"J8","Conn_01x01_Male","PinHeader_1x01_P2.54mm_Vertical",210.000000,-236.000000,0.000000,top
"J8","Conn_01x01_Male","PinHeader_1x01_P2.54mm_Vertical",111.500000,-188.000000,0.000000,top
"J8","Conn_01x01_Male","PinHeader_1x01_P2.54mm_Vertical",13.000000,-188.000000,0.000000,top
"J8","Conn_01x01_Male","PinHeader_1x01_P2.54mm_Vertical",111.500000,-236.000000,0.000000,top
"J8","Conn_01x01_Male","PinHeader_1x01_P2.54mm_Vertical",13.000000,-44.000000,0.000000,top
"J8","Conn_01x01_Male","PinHeader_1x01_P2.54mm_Vertical",111.500000,-44.000000,0.000000,top
"J8","Conn_01x01_Male","PinHeader_1x01_P2.54mm_Vertical",210.000000,-140.000000,0.000000,top
"J8","Conn_01x01_Male","PinHeader_1x01_P2.54mm_Vertical",210.000000,-44.000000,0.000000,top
"J8","Conn_01x01_Male","PinHeader_1x01_P2.54mm_Vertical",13.000000,-92.000000,0.000000,top
"J8","Conn_01x01_Male","PinHeader_1x01_P2.54mm_Vertical",111.500000,-92.000000,0.000000,top
"J8","Conn_01x01_Male","PinHeader_1x01_P2.54mm_Vertical",210.000000,-92.000000,0.000000,top
"J8","Conn_01x01_Male","PinHeader_1x01_P2.54mm_Vertical",13.000000,-140.000000,0.000000,top
"J8","Conn_01x01_Male","PinHeader_1x01_P2.54mm_Vertical",13.000000,-236.000000,0.000000,top
"J8","Conn_01x01_Male","PinHeader_1x01_P2.54mm_Vertical",210.000000,-188.000000,0.000000,top
"KiKit_MB_1_1","NPTH","NPTH",96.300000,-8.200000,0.000000,top
"KiKit_MB_1_2","NPTH","NPTH",96.300000,-9.200000,0.000000,top
"KiKit_MB_1_3","NPTH","NPTH",96.300000,-10.200000,0.000000,top
"KiKit_MB_1_4","NPTH","NPTH",96.300000,-11.200000,0.000000,top
"KiKit_MB_1_5","NPTH","NPTH",96.300000,-12.200000,0.000000,top
"KiKit_MB_2_1","NPTH","NPTH",96.300000,-33.000000,0.000000,top
"KiKit_MB_2_2","NPTH","NPTH",96.300000,-34.000000,0.000000,top
"KiKit_MB_2_3","NPTH","NPTH",96.300000,-35.000000,0.000000,top
"KiKit_MB_2_4","NPTH","NPTH",96.300000,-36.000000,0.000000,top
"KiKit_MB_2_5","NPTH","NPTH",96.300000,-37.000000,0.000000,top
"KiKit_MB_3_1","NPTH","NPTH",15.100000,-45.800000,0.000000,top
"KiKit_MB_3_2","NPTH","NPTH",14.100000,-45.800000,0.000000,top
"KiKit_MB_3_3","NPTH","NPTH",13.100000,-45.800000,0.000000,top
"KiKit_MB_3_4","NPTH","NPTH",12.100000,-45.800000,0.000000,top
"KiKit_MB_3_5","NPTH","NPTH",11.100000,-45.800000,0.000000,top
"KiKit_MB_4_1","NPTH","NPTH",84.100000,-45.800000,0.000000,top
"KiKit_MB_4_2","NPTH","NPTH",83.100000,-45.800000,0.000000,top
"KiKit_MB_4_3","NPTH","NPTH",82.100000,-45.800000,0.000000,top
"KiKit_MB_4_4","NPTH","NPTH",81.100000,-45.800000,0.000000,top
"KiKit_MB_4_5","NPTH","NPTH",80.100000,-45.800000,0.000000,top
"KiKit_MB_5_1","NPTH","NPTH",194.800000,-8.200000,0.000000,top
"KiKit_MB_5_2","NPTH","NPTH",194.800000,-9.200000,0.000000,top
"KiKit_MB_5_3","NPTH","NPTH",194.800000,-10.200000,0.000000,top
"KiKit_MB_5_4","NPTH","NPTH",194.800000,-11.200000,0.000000,top
"KiKit_MB_5_5","NPTH","NPTH",194.800000,-12.200000,0.000000,top
"KiKit_MB_6_1","NPTH","NPTH",194.800000,-33.000000,0.000000,top
"KiKit_MB_6_2","NPTH","NPTH",194.800000,-34.000000,0.000000,top
"KiKit_MB_6_3","NPTH","NPTH",194.800000,-35.000000,0.000000,top
"KiKit_MB_6_4","NPTH","NPTH",194.800000,-36.000000,0.000000,top
"KiKit_MB_6_5","NPTH","NPTH",194.800000,-37.000000,0.000000,top
"KiKit_MB_7_1","NPTH","NPTH",113.600000,-45.800000,0.000000,top
"KiKit_MB_7_2","NPTH","NPTH",112.600000,-45.800000,0.000000,top
"KiKit_MB_7_3","NPTH","NPTH",111.600000,-45.800000,0.000000,top
"KiKit_MB_7_4","NPTH","NPTH",110.600000,-45.800000,0.000000,top
"KiKit_MB_7_5","NPTH","NPTH",109.600000,-45.800000,0.000000,top
"KiKit_MB_8_1","NPTH","NPTH",182.600000,-45.800000,0.000000,top
"KiKit_MB_8_2","NPTH","NPTH",181.600000,-45.800000,0.000000,top
"KiKit_MB_8_3","NPTH","NPTH",180.600000,-45.800000,0.000000,top
"KiKit_MB_8_4","NPTH","NPTH",179.600000,-45.800000,0.000000,top
"KiKit_MB_8_5","NPTH","NPTH",178.600000,-45.800000,0.000000,top
"KiKit_MB_9_1","NPTH","NPTH",98.700000,-12.600000,0.000000,top
"KiKit_MB_9_2","NPTH","NPTH",98.700000,-11.600000,0.000000,top
"KiKit_MB_9_3","NPTH","NPTH",98.700000,-10.600000,0.000000,top
"KiKit_MB_9_4","NPTH","NPTH",98.700000,-9.600000,0.000000,top
"KiKit_MB_9_5","NPTH","NPTH",98.700000,-8.600000,0.000000,top
"KiKit_MB_10_1","NPTH","NPTH",98.700000,-37.000000,0.000000,top
"KiKit_MB_10_2","NPTH","NPTH",98.700000,-36.000000,0.000000,top
"KiKit_MB_10_3","NPTH","NPTH",98.700000,-35.000000,0.000000,top
"KiKit_MB_10_4","NPTH","NPTH",98.700000,-34.000000,0.000000,top
"KiKit_MB_10_5","NPTH","NPTH",98.700000,-33.000000,0.000000,top
"KiKit_MB_11_1","NPTH","NPTH",212.100000,-45.800000,0.000000,top
"KiKit_MB_11_2","NPTH","NPTH",211.100000,-45.800000,0.000000,top
"KiKit_MB_11_3","NPTH","NPTH",210.100000,-45.800000,0.000000,top
"KiKit_MB_11_4","NPTH","NPTH",209.100000,-45.800000,0.000000,top
"KiKit_MB_11_5","NPTH","NPTH",208.100000,-45.800000,0.000000,top
"KiKit_MB_12_1","NPTH","NPTH",281.100000,-45.800000,0.000000,top
"KiKit_MB_12_2","NPTH","NPTH",280.100000,-45.800000,0.000000,top
"KiKit_MB_12_3","NPTH","NPTH",279.100000,-45.800000,0.000000,top
"KiKit_MB_12_4","NPTH","NPTH",278.100000,-45.800000,0.000000,top
"KiKit_MB_12_5","NPTH","NPTH",277.100000,-45.800000,0.000000,top
"KiKit_MB_13_1","NPTH","NPTH",197.200000,-12.600000,0.000000,top
"KiKit_MB_13_2","NPTH","NPTH",197.200000,-11.600000,0.000000,top
"KiKit_MB_13_3","NPTH","NPTH",197.200000,-10.600000,0.000000,top
"KiKit_MB_13_4","NPTH","NPTH",197.200000,-9.600000,0.000000,top
"KiKit_MB_13_5","NPTH","NPTH",197.200000,-8.600000,0.000000,top
"KiKit_MB_14_1","NPTH","NPTH",197.200000,-37.000000,0.000000,top
"KiKit_MB_14_2","NPTH","NPTH",197.200000,-36.000000,0.000000,top
"KiKit_MB_14_3","NPTH","NPTH",197.200000,-35.000000,0.000000,top
"KiKit_MB_14_4","NPTH","NPTH",197.200000,-34.000000,0.000000,top
"KiKit_MB_14_5","NPTH","NPTH",197.200000,-33.000000,0.000000,top
"KiKit_MB_15_1","NPTH","NPTH",96.300000,-56.200000,0.000000,top
"KiKit_MB_15_2","NPTH","NPTH",96.300000,-57.200000,0.000000,top
"KiKit_MB_15_3","NPTH","NPTH",96.300000,-58.200000,0.000000,top
"KiKit_MB_15_4","NPTH","NPTH",96.300000,-59.200000,0.000000,top
"KiKit_MB_15_5","NPTH","NPTH",96.300000,-60.200000,0.000000,top
"KiKit_MB_16_1","NPTH","NPTH",96.300000,-81.000000,0.000000,top
"KiKit_MB_16_2","NPTH","NPTH",96.300000,-82.000000,0.000000,top
"KiKit_MB_16_3","NPTH","NPTH",96.300000,-83.000000,0.000000,top
"KiKit_MB_16_4","NPTH","NPTH",96.300000,-84.000000,0.000000,top
"KiKit_MB_16_5","NPTH","NPTH",96.300000,-85.000000,0.000000,top
"KiKit_MB_17_1","NPTH","NPTH",15.100000,-93.800000,0.000000,top
"KiKit_MB_17_2","NPTH","NPTH",14.100000,-93.800000,0.000000,top
"KiKit_MB_17_3","NPTH","NPTH",13.100000,-93.800000,0.000000,top
"KiKit_MB_17_4","NPTH","NPTH",12.100000,-93.800000,0.000000,top
"KiKit_MB_17_5","NPTH","NPTH",11.100000,-93.800000,0.000000,top
"KiKit_MB_18_1","NPTH","NPTH",84.100000,-93.800000,0.000000,top
"KiKit_MB_18_2","NPTH","NPTH",83.100000,-93.800000,0.000000,top
"KiKit_MB_18_3","NPTH","NPTH",82.100000,-93.800000,0.000000,top
"KiKit_MB_18_4","NPTH","NPTH",81.100000,-93.800000,0.000000,top
"KiKit_MB_18_5","NPTH","NPTH",80.100000,-93.800000,0.000000,top
"KiKit_MB_19_1","NPTH","NPTH",11.100000,-48.200000,0.000000,top
"KiKit_MB_19_2","NPTH","NPTH",12.100000,-48.200000,0.000000,top
"KiKit_MB_19_3","NPTH","NPTH",13.100000,-48.200000,0.000000,top
"KiKit_MB_19_4","NPTH","NPTH",14.100000,-48.200000,0.000000,top
"KiKit_MB_19_5","NPTH","NPTH",15.100000,-48.200000,0.000000,top
"KiKit_MB_20_1","NPTH","NPTH",80.100000,-48.200000,0.000000,top
"KiKit_MB_20_2","NPTH","NPTH",81.100000,-48.200000,0.000000,top
"KiKit_MB_20_3","NPTH","NPTH",82.100000,-48.200000,0.000000,top
"KiKit_MB_20_4","NPTH","NPTH",83.100000,-48.200000,0.000000,top
"KiKit_MB_20_5","NPTH","NPTH",84.100000,-48.200000,0.000000,top
"KiKit_MB_21_1","NPTH","NPTH",194.800000,-56.200000,0.000000,top
"KiKit_MB_21_2","NPTH","NPTH",194.800000,-57.200000,0.000000,top
"KiKit_MB_21_3","NPTH","NPTH",194.800000,-58.200000,0.000000,top
"KiKit_MB_21_4","NPTH","NPTH",194.800000,-59.200000,0.000000,top
"KiKit_MB_21_5","NPTH","NPTH",194.800000,-60.200000,0.000000,top
"KiKit_MB_22_1","NPTH","NPTH",194.800000,-81.000000,0.000000,top
"KiKit_MB_22_2","NPTH","NPTH",194.800000,-82.000000,0.000000,top
"KiKit_MB_22_3","NPTH","NPTH",194.800000,-83.000000,0.000000,top
"KiKit_MB_22_4","NPTH","NPTH",194.800000,-84.000000,0.000000,top
"KiKit_MB_22_5","NPTH","NPTH",194.800000,-85.000000,0.000000,top
"KiKit_MB_23_1","NPTH","NPTH",113.600000,-93.800000,0.000000,top
"KiKit_MB_23_2","NPTH","NPTH",112.600000,-93.800000,0.000000,top
"KiKit_MB_23_3","NPTH","NPTH",111.600000,-93.800000,0.000000,top
"KiKit_MB_23_4","NPTH","NPTH",110.600000,-93.800000,0.000000,top
"KiKit_MB_23_5","NPTH","NPTH",109.600000,-93.800000,0.000000,top
"KiKit_MB_24_1","NPTH","NPTH",182.600000,-93.800000,0.000000,top
"KiKit_MB_24_2","NPTH","NPTH",181.600000,-93.800000,0.000000,top
"KiKit_MB_24_3","NPTH","NPTH",180.600000,-93.800000,0.000000,top
"KiKit_MB_24_4","NPTH","NPTH",179.600000,-93.800000,0.000000,top
"KiKit_MB_24_5","NPTH","NPTH",178.600000,-93.800000,0.000000,top
"KiKit_MB_25_1","NPTH","NPTH",98.700000,-60.600000,0.000000,top
"KiKit_MB_25_2","NPTH","NPTH",98.700000,-59.600000,0.000000,top
"KiKit_MB_25_3","NPTH","NPTH",98.700000,-58.600000,0.000000,top
"KiKit_MB_25_4","NPTH","NPTH",98.700000,-57.600000,0.000000,top
"KiKit_MB_25_5","NPTH","NPTH",98.700000,-56.600000,0.000000,top
"KiKit_MB_26_1","NPTH","NPTH",109.600000,-48.200000,0.000000,top
"KiKit_MB_26_2","NPTH","NPTH",110.600000,-48.200000,0.000000,top
"KiKit_MB_26_3","NPTH","NPTH",111.600000,-48.200000,0.000000,top
"KiKit_MB_26_4","NPTH","NPTH",112.600000,-48.200000,0.000000,top
"KiKit_MB_26_5","NPTH","NPTH",113.600000,-48.200000,0.000000,top
"KiKit_MB_27_1","NPTH","NPTH",178.600000,-48.200000,0.000000,top
"KiKit_MB_27_2","NPTH","NPTH",179.600000,-48.200000,0.000000,top
"KiKit_MB_27_3","NPTH","NPTH",180.600000,-48.200000,0.000000,top
"KiKit_MB_27_4","NPTH","NPTH",181.600000,-48.200000,0.000000,top
"KiKit_MB_27_5","NPTH","NPTH",182.600000,-48.200000,0.000000,top
"KiKit_MB_28_1","NPTH","NPTH",98.700000,-85.000000,0.000000,top
"KiKit_MB_28_2","NPTH","NPTH",98.700000,-84.000000,0.000000,top
"KiKit_MB_28_3","NPTH","NPTH",98.700000,-83.000000,0.000000,top
"KiKit_MB_28_4","NPTH","NPTH",98.700000,-82.000000,0.000000,top
"KiKit_MB_28_5","NPTH","NPTH",98.700000,-81.000000,0.000000,top
"KiKit_MB_29_1","NPTH","NPTH",212.100000,-93.800000,0.000000,top
"KiKit_MB_29_2","NPTH","NPTH",211.100000,-93.800000,0.000000,top
"KiKit_MB_29_3","NPTH","NPTH",210.100000,-93.800000,0.000000,top
"KiKit_MB_29_4","NPTH","NPTH",209.100000,-93.800000,0.000000,top
"KiKit_MB_29_5","NPTH","NPTH",208.100000,-93.800000,0.000000,top
"KiKit_MB_30_1","NPTH","NPTH",281.100000,-93.800000,0.000000,top
"KiKit_MB_30_2","NPTH","NPTH",280.100000,-93.800000,0.000000,top
"KiKit_MB_30_3","NPTH","NPTH",279.100000,-93.800000,0.000000,top
"KiKit_MB_30_4","NPTH","NPTH",278.100000,-93.800000,0.000000,top
"KiKit_MB_30_5","NPTH","NPTH",277.100000,-93.800000,0.000000,top
"KiKit_MB_31_1","NPTH","NPTH",197.200000,-60.600000,0.000000,top
"KiKit_MB_31_2","NPTH","NPTH",197.200000,-59.600000,0.000000,top
"KiKit_MB_31_3","NPTH","NPTH",197.200000,-58.600000,0.000000,top
"KiKit_MB_31_4","NPTH","NPTH",197.200000,-57.600000,0.000000,top
"KiKit_MB_31_5","NPTH","NPTH",197.200000,-56.600000,0.000000,top
"KiKit_MB_32_1","NPTH","NPTH",208.100000,-48.200000,0.000000,top
"KiKit_MB_32_2","NPTH","NPTH",209.100000,-48.200000,0.000000,top
"KiKit_MB_32_3","NPTH","NPTH",210.100000,-48.200000,0.000000,top
"KiKit_MB_32_4","NPTH","NPTH",211.100000,-48.200000,0.000000,top
"KiKit_MB_32_5","NPTH","NPTH",212.100000,-48.200000,0.000000,top
"KiKit_MB_33_1","NPTH","NPTH",277.100000,-48.200000,0.000000,top
"KiKit_MB_33_2","NPTH","NPTH",278.100000,-48.200000,0.000000,top
"KiKit_MB_33_3","NPTH","NPTH",279.100000,-48.200000,0.000000,top
"KiKit_MB_33_4","NPTH","NPTH",280.100000,-48.200000,0.000000,top
"KiKit_MB_33_5","NPTH","NPTH",281.100000,-48.200000,0.000000,top
"KiKit_MB_34_1","NPTH","NPTH",197.200000,-85.000000,0.000000,top
"KiKit_MB_34_2","NPTH","NPTH",197.200000,-84.000000,0.000000,top
"KiKit_MB_34_3","NPTH","NPTH",197.200000,-83.000000,0.000000,top
"KiKit_MB_34_4","NPTH","NPTH",197.200000,-82.000000,0.000000,top
"KiKit_MB_34_5","NPTH","NPTH",197.200000,-81.000000,0.000000,top
"KiKit_MB_35_1","NPTH","NPTH",96.300000,-104.200000,0.000000,top
"KiKit_MB_35_2","NPTH","NPTH",96.300000,-105.200000,0.000000,top
"KiKit_MB_35_3","NPTH","NPTH",96.300000,-106.200000,0.000000,top
"KiKit_MB_35_4","NPTH","NPTH",96.300000,-107.200000,0.000000,top
"KiKit_MB_35_5","NPTH","NPTH",96.300000,-108.200000,0.000000,top
"KiKit_MB_36_1","NPTH","NPTH",96.300000,-129.000000,0.000000,top
"KiKit_MB_36_2","NPTH","NPTH",96.300000,-130.000000,0.000000,top
"KiKit_MB_36_3","NPTH","NPTH",96.300000,-131.000000,0.000000,top
"KiKit_MB_36_4","NPTH","NPTH",96.300000,-132.000000,0.000000,top
"KiKit_MB_36_5","NPTH","NPTH",96.300000,-133.000000,0.000000,top
"KiKit_MB_37_1","NPTH","NPTH",15.100000,-141.800000,0.000000,top
"KiKit_MB_37_2","NPTH","NPTH",14.100000,-141.800000,0.000000,top
"KiKit_MB_37_3","NPTH","NPTH",13.100000,-141.800000,0.000000,top
"KiKit_MB_37_4","NPTH","NPTH",12.100000,-141.800000,0.000000,top
"KiKit_MB_37_5","NPTH","NPTH",11.100000,-141.800000,0.000000,top
"KiKit_MB_38_1","NPTH","NPTH",84.100000,-141.800000,0.000000,top
"KiKit_MB_38_2","NPTH","NPTH",83.100000,-141.800000,0.000000,top
"KiKit_MB_38_3","NPTH","NPTH",82.100000,-141.800000,0.000000,top
"KiKit_MB_38_4","NPTH","NPTH",81.100000,-141.800000,0.000000,top
"KiKit_MB_38_5","NPTH","NPTH",80.100000,-141.800000,0.000000,top
"KiKit_MB_39_1","NPTH","NPTH",11.100000,-96.200000,0.000000,top
"KiKit_MB_39_2","NPTH","NPTH",12.100000,-96.200000,0.000000,top
"KiKit_MB_39_3","NPTH","NPTH",13.100000,-96.200000,0.000000,top
"KiKit_MB_39_4","NPTH","NPTH",14.100000,-96.200000,0.000000,top
"KiKit_MB_39_5","NPTH","NPTH",15.100000,-96.200000,0.000000,top
"KiKit_MB_40_1","NPTH","NPTH",80.100000,-96.200000,0.000000,top
"KiKit_MB_40_2","NPTH","NPTH",81.100000,-96.200000,0.000000,top
"KiKit_MB_40_3","NPTH","NPTH",82.100000,-96.200000,0.000000,top
"KiKit_MB_40_4","NPTH","NPTH",83.100000,-96.200000,0.000000,top
"KiKit_MB_40_5","NPTH","NPTH",84.100000,-96.200000,0.000000,top
"KiKit_MB_41_1","NPTH","NPTH",194.800000,-104.200000,0.000000,top
"KiKit_MB_41_2","NPTH","NPTH",194.800000,-105.200000,0.000000,top
"KiKit_MB_41_3","NPTH","NPTH",194.800000,-106.200000,0.000000,top
"KiKit_MB_41_4","NPTH","NPTH",194.800000,-107.200000,0.000000,top
"KiKit_MB_41_5","NPTH","NPTH",194.800000,-108.200000,0.000000,top
"KiKit_MB_42_1","NPTH","NPTH",194.800000,-129.000000,0.000000,top
"KiKit_MB_42_2","NPTH","NPTH",194.800000,-130.000000,0.000000,top
"KiKit_MB_42_3","NPTH","NPTH",194.800000,-131.000000,0.000000,top
"KiKit_MB_42_4","NPTH","NPTH",194.800000,-132.000000,0.000000,top
"KiKit_MB_42_5","NPTH","NPTH",194.800000,-133.000000,0.000000,top
"KiKit_MB_43_1","NPTH","NPTH",113.600000,-141.800000,0.000000,top
"KiKit_MB_43_2","NPTH","NPTH",112.600000,-141.800000,0.000000,top
"KiKit_MB_43_3","NPTH","NPTH",111.600000,-141.800000,0.000000,top
"KiKit_MB_43_4","NPTH","NPTH",110.600000,-141.800000,0.000000,top
"KiKit_MB_43_5","NPTH","NPTH",109.600000,-141.800000,0.000000,top
"KiKit_MB_44_1","NPTH","NPTH",182.600000,-141.800000,0.000000,top
"KiKit_MB_44_2","NPTH","NPTH",181.600000,-141.800000,0.000000,top
"KiKit_MB_44_3","NPTH","NPTH",180.600000,-141.800000,0.000000,top
"KiKit_MB_44_4","NPTH","NPTH",179.600000,-141.800000,0.000000,top
"KiKit_MB_44_5","NPTH","NPTH",178.600000,-141.800000,0.000000,top
"KiKit_MB_45_1","NPTH","NPTH",98.700000,-108.600000,0.000000,top
"KiKit_MB_45_2","NPTH","NPTH",98.700000,-107.600000,0.000000,top
"KiKit_MB_45_3","NPTH","NPTH",98.700000,-106.600000,0.000000,top
"KiKit_MB_45_4","NPTH","NPTH",98.700000,-105.600000,0.000000,top
"KiKit_MB_45_5","NPTH","NPTH",98.700000,-104.600000,0.000000,top
"KiKit_MB_46_1","NPTH","NPTH",109.600000,-96.200000,0.000000,top
"KiKit_MB_46_2","NPTH","NPTH",110.600000,-96.200000,0.000000,top
"KiKit_MB_46_3","NPTH","NPTH",111.600000,-96.200000,0.000000,top
"KiKit_MB_46_4","NPTH","NPTH",112.600000,-96.200000,0.000000,top
"KiKit_MB_46_5","NPTH","NPTH",113.600000,-96.200000,0.000000,top
"KiKit_MB_47_1","NPTH","NPTH",178.600000,-96.200000,0.000000,top
"KiKit_MB_47_2","NPTH","NPTH",179.600000,-96.200000,0.000000,top
"KiKit_MB_47_3","NPTH","NPTH",180.600000,-96.200000,0.000000,top
"KiKit_MB_47_4","NPTH","NPTH",181.600000,-96.200000,0.000000,top
"KiKit_MB_47_5","NPTH","NPTH",182.600000,-96.200000,0.000000,top
"KiKit_MB_48_1","NPTH","NPTH",98.700000,-133.000000,0.000000,top
"KiKit_MB_48_2","NPTH","NPTH",98.700000,-132.000000,0.000000,top
"KiKit_MB_48_3","NPTH","NPTH",98.700000,-131.000000,0.000000,top
"KiKit_MB_48_4","NPTH","NPTH",98.700000,-130.000000,0.000000,top
"KiKit_MB_48_5","NPTH","NPTH",98.700000,-129.000000,0.000000,top
"KiKit_MB_49_1","NPTH","NPTH",212.100000,-141.800000,0.000000,top
"KiKit_MB_49_2","NPTH","NPTH",211.100000,-141.800000,0.000000,top
"KiKit_MB_49_3","NPTH","NPTH",210.100000,-141.800000,0.000000,top
"KiKit_MB_49_4","NPTH","NPTH",209.100000,-141.800000,0.000000,top
"KiKit_MB_49_5","NPTH","NPTH",208.100000,-141.800000,0.000000,top
"KiKit_MB_50_1","NPTH","NPTH",281.100000,-141.800000,0.000000,top
"KiKit_MB_50_2","NPTH","NPTH",280.100000,-141.800000,0.000000,top
"KiKit_MB_50_3","NPTH","NPTH",279.100000,-141.800000,0.000000,top
"KiKit_MB_50_4","NPTH","NPTH",278.100000,-141.800000,0.000000,top
"KiKit_MB_50_5","NPTH","NPTH",277.100000,-141.800000,0.000000,top
"KiKit_MB_51_1","NPTH","NPTH",197.200000,-108.600000,0.000000,top
"KiKit_MB_51_2","NPTH","NPTH",197.200000,-107.600000,0.000000,top
"KiKit_MB_51_3","NPTH","NPTH",197.200000,-106.600000,0.000000,top
"KiKit_MB_51_4","NPTH","NPTH",197.200000,-105.600000,0.000000,top
"KiKit_MB_51_5","NPTH","NPTH",197.200000,-104.600000,0.000000,top
"KiKit_MB_52_1","NPTH","NPTH",208.100000,-96.200000,0.000000,top
"KiKit_MB_52_2","NPTH","NPTH",209.100000,-96.200000,0.000000,top
"KiKit_MB_52_3","NPTH","NPTH",210.100000,-96.200000,0.000000,top
"KiKit_MB_52_4","NPTH","NPTH",211.100000,-96.200000,0.000000,top
"KiKit_MB_52_5","NPTH","NPTH",212.100000,-96.200000,0.000000,top
"KiKit_MB_53_1","NPTH","NPTH",277.100000,-96.200000,0.000000,top
"KiKit_MB_53_2","NPTH","NPTH",278.100000,-96.200000,0.000000,top
"KiKit_MB_53_3","NPTH","NPTH",279.100000,-96.200000,0.000000,top
"KiKit_MB_53_4","NPTH","NPTH",280.100000,-96.200000,0.000000,top
"KiKit_MB_53_5","NPTH","NPTH",281.100000,-96.200000,0.000000,top
"KiKit_MB_54_1","NPTH","NPTH",197.200000,-133.000000,0.000000,top
"KiKit_MB_54_2","NPTH","NPTH",197.200000,-132.000000,0.000000,top
"KiKit_MB_54_3","NPTH","NPTH",197.200000,-131.000000,0.000000,top
"KiKit_MB_54_4","NPTH","NPTH",197.200000,-130.000000,0.000000,top
"KiKit_MB_54_5","NPTH","NPTH",197.200000,-129.000000,0.000000,top
"KiKit_MB_55_1","NPTH","NPTH",96.300000,-152.200000,0.000000,top
"KiKit_MB_55_2","NPTH","NPTH",96.300000,-153.200000,0.000000,top
"KiKit_MB_55_3","NPTH","NPTH",96.300000,-154.200000,0.000000,top
"KiKit_MB_55_4","NPTH","NPTH",96.300000,-155.200000,0.000000,top
"KiKit_MB_55_5","NPTH","NPTH",96.300000,-156.200000,0.000000,top
"KiKit_MB_56_1","NPTH","NPTH",96.300000,-177.000000,0.000000,top
"KiKit_MB_56_2","NPTH","NPTH",96.300000,-178.000000,0.000000,top
"KiKit_MB_56_3","NPTH","NPTH",96.300000,-179.000000,0.000000,top
"KiKit_MB_56_4","NPTH","NPTH",96.300000,-180.000000,0.000000,top
"KiKit_MB_56_5","NPTH","NPTH",96.300000,-181.000000,0.000000,top
"KiKit_MB_57_1","NPTH","NPTH",15.100000,-189.800000,0.000000,top
"KiKit_MB_57_2","NPTH","NPTH",14.100000,-189.800000,0.000000,top
"KiKit_MB_57_3","NPTH","NPTH",13.100000,-189.800000,0.000000,top
"KiKit_MB_57_4","NPTH","NPTH",12.100000,-189.800000,0.000000,top
"KiKit_MB_57_5","NPTH","NPTH",11.100000,-189.800000,0.000000,top
"KiKit_MB_58_1","NPTH","NPTH",84.100000,-189.800000,0.000000,top
"KiKit_MB_58_2","NPTH","NPTH",83.100000,-189.800000,0.000000,top
"KiKit_MB_58_3","NPTH","NPTH",82.100000,-189.800000,0.000000,top
"KiKit_MB_58_4","NPTH","NPTH",81.100000,-189.800000,0.000000,top
"KiKit_MB_58_5","NPTH","NPTH",80.100000,-189.800000,0.000000,top
"KiKit_MB_59_1","NPTH","NPTH",11.100000,-144.200000,0.000000,top
"KiKit_MB_59_2","NPTH","NPTH",12.100000,-144.200000,0.000000,top
"KiKit_MB_59_3","NPTH","NPTH",13.100000,-144.200000,0.000000,top
"KiKit_MB_59_4","NPTH","NPTH",14.100000,-144.200000,0.000000,top
"KiKit_MB_59_5","NPTH","NPTH",15.100000,-144.200000,0.000000,top
"KiKit_MB_60_1","NPTH","NPTH",80.100000,-144.200000,0.000000,top
"KiKit_MB_60_2","NPTH","NPTH",81.100000,-144.200000,0.000000,top
"KiKit_MB_60_3","NPTH","NPTH",82.100000,-144.200000,0.000000,top
"KiKit_MB_60_4","NPTH","NPTH",83.100000,-144.200000,0.000000,top
"KiKit_MB_60_5","NPTH","NPTH",84.100000,-144.200000,0.000000,top
"KiKit_MB_61_1","NPTH","NPTH",194.800000,-152.200000,0.000000,top
"KiKit_MB_61_2","NPTH","NPTH",194.800000,-153.200000,0.000000,top
"KiKit_MB_61_3","NPTH","NPTH",194.800000,-154.200000,0.000000,top
"KiKit_MB_61_4","NPTH","NPTH",194.800000,-155.200000,0.000000,top
"KiKit_MB_61_5","NPTH","NPTH",194.800000,-156.200000,0.000000,top
"KiKit_MB_62_1","NPTH","NPTH",194.800000,-177.000000,0.000000,top
"KiKit_MB_62_2","NPTH","NPTH",194.800000,-178.000000,0.000000,top
"KiKit_MB_62_3","NPTH","NPTH",194.800000,-179.000000,0.000000,top
"KiKit_MB_62_4","NPTH","NPTH",194.800000,-180.000000,0.000000,top
"KiKit_MB_62_5","NPTH","NPTH",194.800000,-181.000000,0.000000,top
"KiKit_MB_63_1","NPTH","NPTH",113.600000,-189.800000,0.000000,top
"KiKit_MB_63_2","NPTH","NPTH",112.600000,-189.800000,0.000000,top
"KiKit_MB_63_3","NPTH","NPTH",111.600000,-189.800000,0.000000,top
"KiKit_MB_63_4","NPTH","NPTH",110.600000,-189.800000,0.000000,top
"KiKit_MB_63_5","NPTH","NPTH",109.600000,-189.800000,0.000000,top
"KiKit_MB_64_1","NPTH","NPTH",182.600000,-189.800000,0.000000,top
"KiKit_MB_64_2","NPTH","NPTH",181.600000,-189.800000,0.000000,top
"KiKit_MB_64_3","NPTH","NPTH",180.600000,-189.800000,0.000000,top
"KiKit_MB_64_4","NPTH","NPTH",179.600000,-189.800000,0.000000,top
"KiKit_MB_64_5","NPTH","NPTH",178.600000,-189.800000,0.000000,top
"KiKit_MB_65_1","NPTH","NPTH",98.700000,-156.600000,0.000000,top
"KiKit_MB_65_2","NPTH","NPTH",98.700000,-155.600000,0.000000,top
"KiKit_MB_65_3","NPTH","NPTH",98.700000,-154.600000,0.000000,top
"KiKit_MB_65_4","NPTH","NPTH",98.700000,-153.600000,0.000000,top
"KiKit_MB_65_5","NPTH","NPTH",98.700000,-152.600000,0.000000,top
"KiKit_MB_66_1","NPTH","NPTH",109.600000,-144.200000,0.000000,top
"KiKit_MB_66_2","NPTH","NPTH",110.600000,-144.200000,0.000000,top
"KiKit_MB_66_3","NPTH","NPTH",111.600000,-144.200000,0.000000,top
"KiKit_MB_66_4","NPTH","NPTH",112.600000,-144.200000,0.000000,top
"KiKit_MB_66_5","NPTH","NPTH",113.600000,-144.200000,0.000000,top
"KiKit_MB_67_1","NPTH","NPTH",178.600000,-144.200000,0.000000,top
"KiKit_MB_67_2","NPTH","NPTH",179.600000,-144.200000,0.000000,top
"KiKit_MB_67_3","NPTH","NPTH",180.600000,-144.200000,0.000000,top
"KiKit_MB_67_4","NPTH","NPTH",181.600000,-144.200000,0.000000,top
"KiKit_MB_67_5","NPTH","NPTH",182.600000,-144.200000,0.000000,top
"KiKit_MB_68_1","NPTH","NPTH",98.700000,-181.000000,0.000000,top
"KiKit_MB_68_2","NPTH","NPTH",98.700000,-180.000000,0.000000,top
"KiKit_MB_68_3","NPTH","NPTH",98.700000,-179.000000,0.000000,top
"KiKit_MB_68_4","NPTH","NPTH",98.700000,-178.000000,0.000000,top
"KiKit_MB_68_5","NPTH","NPTH",98.700000,-177.000000,0.000000,top
"KiKit_MB_69_1","NPTH","NPTH",212.100000,-189.800000,0.000000,top
"KiKit_MB_69_2","NPTH","NPTH",211.100000,-189.800000,0.000000,top
"KiKit_MB_69_3","NPTH","NPTH",210.100000,-189.800000,0.000000,top
"KiKit_MB_69_4","NPTH","NPTH",209.100000,-189.800000,0.000000,top
"KiKit_MB_69_5","NPTH","NPTH",208.100000,-189.800000,0.000000,top
"KiKit_MB_70_1","NPTH","NPTH",281.100000,-189.800000,0.000000,top
"KiKit_MB_70_2","NPTH","NPTH",280.100000,-189.800000,0.000000,top
"KiKit_MB_70_3","NPTH","NPTH",279.100000,-189.800000,0.000000,top
"KiKit_MB_70_4","NPTH","NPTH",278.100000,-189.800000,0.000000,top
"KiKit_MB_70_5","NPTH","NPTH",277.100000,-189.800000,0.000000,top
"KiKit_MB_71_1","NPTH","NPTH",197.200000,-156.600000,0.000000,top
"KiKit_MB_71_2","NPTH","NPTH",197.200000,-155.600000,0.000000,top
"KiKit_MB_71_3","NPTH","NPTH",197.200000,-154.600000,0.000000,top
"KiKit_MB_71_4","NPTH","NPTH",197.200000,-153.600000,0.000000,top
"KiKit_MB_71_5","NPTH","NPTH",197.200000,-152.600000,0.000000,top
"KiKit_MB_72_1","NPTH","NPTH",208.100000,-144.200000,0.000000,top
"KiKit_MB_72_2","NPTH","NPTH",209.100000,-144.200000,0.000000,top
"KiKit_MB_72_3","NPTH","NPTH",210.100000,-144.200000,0.000000,top
"KiKit_MB_72_4","NPTH","NPTH",211.100000,-144.200000,0.000000,top
"KiKit_MB_72_5","NPTH","NPTH",212.100000,-144.200000,0.000000,top
"KiKit_MB_73_1","NPTH","NPTH",277.100000,-144.200000,0.000000,top
"KiKit_MB_73_2","NPTH","NPTH",278.100000,-144.200000,0.000000,top
"KiKit_MB_73_3","NPTH","NPTH",279.100000,-144.200000,0.000000,top
"KiKit_MB_73_4","NPTH","NPTH",280.100000,-144.200000,0.000000,top
"KiKit_MB_73_5","NPTH","NPTH",281.100000,-144.200000,0.000000,top
"KiKit_MB_74_1","NPTH","NPTH",197.200000,-181.000000,0.000000,top
"KiKit_MB_74_2","NPTH","NPTH",197.200000,-180.000000,0.000000,top
"KiKit_MB_74_3","NPTH","NPTH",197.200000,-179.000000,0.000000,top
"KiKit_MB_74_4","NPTH","NPTH",197.200000,-178.000000,0.000000,top
"KiKit_MB_74_5","NPTH","NPTH",197.200000,-177.000000,0.000000,top
"KiKit_MB_75_1","NPTH","NPTH",96.300000,-200.200000,0.000000,top
"KiKit_MB_75_2","NPTH","NPTH",96.300000,-201.200000,0.000000,top
"KiKit_MB_75_3","NPTH","NPTH",96.300000,-202.200000,0.000000,top
"KiKit_MB_75_4","NPTH","NPTH",96.300000,-203.200000,0.000000,top
"KiKit_MB_75_5","NPTH","NPTH",96.300000,-204.200000,0.000000,top
"KiKit_MB_76_1","NPTH","NPTH",96.300000,-225.000000,0.000000,top
"KiKit_MB_76_2","NPTH","NPTH",96.300000,-226.000000,0.000000,top
"KiKit_MB_76_3","NPTH","NPTH",96.300000,-227.000000,0.000000,top
"KiKit_MB_76_4","NPTH","NPTH",96.300000,-228.000000,0.000000,top
"KiKit_MB_76_5","NPTH","NPTH",96.300000,-229.000000,0.000000,top
"KiKit_MB_77_1","NPTH","NPTH",11.100000,-192.200000,0.000000,top
"KiKit_MB_77_2","NPTH","NPTH",12.100000,-192.200000,0.000000,top
"KiKit_MB_77_3","NPTH","NPTH",13.100000,-192.200000,0.000000,top
"KiKit_MB_77_4","NPTH","NPTH",14.100000,-192.200000,0.000000,top
"KiKit_MB_77_5","NPTH","NPTH",15.100000,-192.200000,0.000000,top
"KiKit_MB_78_1","NPTH","NPTH",80.100000,-192.200000,0.000000,top
"KiKit_MB_78_2","NPTH","NPTH",81.100000,-192.200000,0.000000,top
"KiKit_MB_78_3","NPTH","NPTH",82.100000,-192.200000,0.000000,top
"KiKit_MB_78_4","NPTH","NPTH",83.100000,-192.200000,0.000000,top
"KiKit_MB_78_5","NPTH","NPTH",84.100000,-192.200000,0.000000,top
"KiKit_MB_79_1","NPTH","NPTH",194.800000,-200.200000,0.000000,top
"KiKit_MB_79_2","NPTH","NPTH",194.800000,-201.200000,0.000000,top
"KiKit_MB_79_3","NPTH","NPTH",194.800000,-202.200000,0.000000,top
"KiKit_MB_79_4","NPTH","NPTH",194.800000,-203.200000,0.000000,top
"KiKit_MB_79_5","NPTH","NPTH",194.800000,-204.200000,0.000000,top
"KiKit_MB_80_1","NPTH","NPTH",194.800000,-225.000000,0.000000,top
"KiKit_MB_80_2","NPTH","NPTH",194.800000,-226.000000,0.000000,top
"KiKit_MB_80_3","NPTH","NPTH",194.800000,-227.000000,0.000000,top
"KiKit_MB_80_4","NPTH","NPTH",194.800000,-228.000000,0.000000,top
"KiKit_MB_80_5","NPTH","NPTH",194.800000,-229.000000,0.000000,top
"KiKit_MB_81_1","NPTH","NPTH",98.700000,-204.600000,0.000000,top
"KiKit_MB_81_2","NPTH","NPTH",98.700000,-203.600000,0.000000,top
"KiKit_MB_81_3","NPTH","NPTH",98.700000,-202.600000,0.000000,top
"KiKit_MB_81_4","NPTH","NPTH",98.700000,-201.600000,0.000000,top
"KiKit_MB_81_5","NPTH","NPTH",98.700000,-200.600000,0.000000,top
"KiKit_MB_82_1","NPTH","NPTH",109.600000,-192.200000,0.000000,top
"KiKit_MB_82_2","NPTH","NPTH",110.600000,-192.200000,0.000000,top
"KiKit_MB_82_3","NPTH","NPTH",111.600000,-192.200000,0.000000,top
"KiKit_MB_82_4","NPTH","NPTH",112.600000,-192.200000,0.000000,top
"KiKit_MB_82_5","NPTH","NPTH",113.600000,-192.200000,0.000000,top
"KiKit_MB_83_1","NPTH","NPTH",178.600000,-192.200000,0.000000,top
"KiKit_MB_83_2","NPTH","NPTH",179.600000,-192.200000,0.000000,top
"KiKit_MB_83_3","NPTH","NPTH",180.600000,-192.200000,0.000000,top
"KiKit_MB_83_4","NPTH","NPTH",181.600000,-192.200000,0.000000,top
"KiKit_MB_83_5","NPTH","NPTH",182.600000,-192.200000,0.000000,top
"KiKit_MB_84_1","NPTH","NPTH",98.700000,-229.000000,0.000000,top
"KiKit_MB_84_2","NPTH","NPTH",98.700000,-228.000000,0.000000,top
"KiKit_MB_84_3","NPTH","NPTH",98.700000,-227.000000,0.000000,top
"KiKit_MB_84_4","NPTH","NPTH",98.700000,-226.000000,0.000000,top
"KiKit_MB_84_5","NPTH","NPTH",98.700000,-225.000000,0.000000,top
"KiKit_MB_85_1","NPTH","NPTH",197.200000,-204.600000,0.000000,top
"KiKit_MB_85_2","NPTH","NPTH",197.200000,-203.600000,0.000000,top
"KiKit_MB_85_3","NPTH","NPTH",197.200000,-202.600000,0.000000,top
"KiKit_MB_85_4","NPTH","NPTH",197.200000,-201.600000,0.000000,top
"KiKit_MB_85_5","NPTH","NPTH",197.200000,-200.600000,0.000000,top
"KiKit_MB_86_1","NPTH","NPTH",208.100000,-192.200000,0.000000,top
"KiKit_MB_86_2","NPTH","NPTH",209.100000,-192.200000,0.000000,top
"KiKit_MB_86_3","NPTH","NPTH",210.100000,-192.200000,0.000000,top
"KiKit_MB_86_4","NPTH","NPTH",211.100000,-192.200000,0.000000,top
"KiKit_MB_86_5","NPTH","NPTH",212.100000,-192.200000,0.000000,top
"KiKit_MB_87_1","NPTH","NPTH",277.100000,-192.200000,0.000000,top
"KiKit_MB_87_2","NPTH","NPTH",278.100000,-192.200000,0.000000,top
"KiKit_MB_87_3","NPTH","NPTH",279.100000,-192.200000,0.000000,top
"KiKit_MB_87_4","NPTH","NPTH",280.100000,-192.200000,0.000000,top
"KiKit_MB_87_5","NPTH","NPTH",281.100000,-192.200000,0.000000,top
"KiKit_MB_88_1","NPTH","NPTH",197.200000,-229.000000,0.000000,top
"KiKit_MB_88_2","NPTH","NPTH",197.200000,-228.000000,0.000000,top
"KiKit_MB_88_3","NPTH","NPTH",197.200000,-227.000000,0.000000,top
"KiKit_MB_88_4","NPTH","NPTH",197.200000,-226.000000,0.000000,top
"KiKit_MB_88_5","NPTH","NPTH",197.200000,-225.000000,0.000000,top
"L1","L","L_1008_2520Metric",262.164000,-23.060000,90.000000,top
"L1","L","L_1008_2520Metric",163.664000,-23.060000,90.000000,top
"L1","L","L_1008_2520Metric",65.164000,-23.060000,90.000000,top
"L1","L","L_1008_2520Metric",65.164000,-71.060000,90.000000,top
"L1","L","L_1008_2520Metric",163.664000,-71.060000,90.000000,top
"L1","L","L_1008_2520Metric",65.164000,-215.060000,90.000000,top
"L1","L","L_1008_2520Metric",262.164000,-167.060000,90.000000,top
"L1","L","L_1008_2520Metric",163.664000,-215.060000,90.000000,top
"L1","L","L_1008_2520Metric",262.164000,-215.060000,90.000000,top
"L1","L","L_1008_2520Metric",163.664000,-167.060000,90.000000,top
"L1","L","L_1008_2520Metric",65.164000,-167.060000,90.000000,top
"L1","L","L_1008_2520Metric",262.164000,-71.060000,90.000000,top
"L1","L","L_1008_2520Metric",65.164000,-119.060000,90.000000,top
"L1","L","L_1008_2520Metric",163.664000,-119.060000,90.000000,top
"L1","L","L_1008_2520Metric",262.164000,-119.060000,90.000000,top
"L2","L","L_1008_2520Metric",283.154000,-227.736000,90.000000,top
"L2","L","L_1008_2520Metric",86.154000,-83.736000,90.000000,top
"L2","L","L_1008_2520Metric",283.154000,-35.736000,90.000000,top
"L2","L","L_1008_2520Metric",184.654000,-35.736000,90.000000,top
"L2","L","L_1008_2520Metric",86.154000,-35.736000,90.000000,top
"L2","L","L_1008_2520Metric",184.654000,-83.736000,90.000000,top
"L2","L","L_1008_2520Metric",86.154000,-179.736000,90.000000,top
"L2","L","L_1008_2520Metric",184.654000,-179.736000,90.000000,top
"L2","L","L_1008_2520Metric",283.154000,-179.736000,90.000000,top
"L2","L","L_1008_2520Metric",86.154000,-227.736000,90.000000,top
"L2","L","L_1008_2520Metric",184.654000,-227.736000,90.000000,top
"L2","L","L_1008_2520Metric",283.154000,-131.736000,90.000000,top
"L2","L","L_1008_2520Metric",86.154000,-131.736000,90.000000,top
"L2","L","L_1008_2520Metric",184.654000,-131.736000,90.000000,top
"L2","L","L_1008_2520Metric",283.154000,-83.736000,90.000000,top
"L4","L","L_1008_2520Metric",221.025000,-232.600000,180.000000,top
"L4","L","L_1008_2520Metric",221.025000,-136.600000,180.000000,top
"L4","L","L_1008_2520Metric",122.525000,-136.600000,180.000000,top
"L4","L","L_1008_2520Metric",24.025000,-136.600000,180.000000,top
"L4","L","L_1008_2520Metric",221.025000,-88.600000,180.000000,top
"L4","L","L_1008_2520Metric",24.025000,-184.600000,180.000000,top
"L4","L","L_1008_2520Metric",221.025000,-184.600000,180.000000,top
"L4","L","L_1008_2520Metric",122.525000,-88.600000,180.000000,top
"L4","L","L_1008_2520Metric",122.525000,-184.600000,180.000000,top
"L4","L","L_1008_2520Metric",24.025000,-88.600000,180.000000,top
"L4","L","L_1008_2520Metric",122.525000,-232.600000,180.000000,top
"L4","L","L_1008_2520Metric",24.025000,-40.600000,180.000000,top
"L4","L","L_1008_2520Metric",122.525000,-40.600000,180.000000,top
"L4","L","L_1008_2520Metric",24.025000,-232.600000,180.000000,top
"L4","L","L_1008_2520Metric",221.025000,-40.600000,180.000000,top
"L5","L","L_1008_2520Metric",42.100000,-31.275000,90.000000,top
"L5","L","L_1008_2520Metric",140.600000,-31.275000,90.000000,top
"L5","L","L_1008_2520Metric",239.100000,-31.275000,90.000000,top
"L5","L","L_1008_2520Metric",42.100000,-175.275000,90.000000,top
"L5","L","L_1008_2520Metric",239.100000,-127.275000,90.000000,top
"L5","L","L_1008_2520Metric",140.600000,-175.275000,90.000000,top
"L5","L","L_1008_2520Metric",42.100000,-79.275000,90.000000,top
"L5","L","L_1008_2520Metric",239.100000,-175.275000,90.000000,top
"L5","L","L_1008_2520Metric",42.100000,-223.275000,90.000000,top
"L5","L","L_1008_2520Metric",140.600000,-223.275000,90.000000,top
"L5","L","L_1008_2520Metric",140.600000,-79.275000,90.000000,top
"L5","L","L_1008_2520Metric",239.100000,-79.275000,90.000000,top
"L5","L","L_1008_2520Metric",42.100000,-127.275000,90.000000,top
"L5","L","L_1008_2520Metric",239.100000,-223.275000,90.000000,top
"L5","L","L_1008_2520Metric",140.600000,-127.275000,90.000000,top
"Q1","AO3401A","SOT-23",28.162500,-40.625000,0.000000,top
"Q1","AO3401A","SOT-23",126.662500,-40.625000,0.000000,top
"Q1","AO3401A","SOT-23",225.162500,-40.625000,0.000000,top
"Q1","AO3401A","SOT-23",28.162500,-88.625000,0.000000,top
"Q1","AO3401A","SOT-23",126.662500,-88.625000,0.000000,top
"Q1","AO3401A","SOT-23",225.162500,-88.625000,0.000000,top
"Q1","AO3401A","SOT-23",28.162500,-136.625000,0.000000,top
"Q1","AO3401A","SOT-23",126.662500,-136.625000,0.000000,top
"Q1","AO3401A","SOT-23",28.162500,-184.625000,0.000000,top
"Q1","AO3401A","SOT-23",225.162500,-136.625000,0.000000,top
"Q1","AO3401A","SOT-23",28.162500,-232.625000,0.000000,top
"Q1","AO3401A","SOT-23",225.162500,-184.625000,0.000000,top
"Q1","AO3401A","SOT-23",225.162500,-232.625000,0.000000,top
"Q1","AO3401A","SOT-23",126.662500,-232.625000,0.000000,top
"Q1","AO3401A","SOT-23",126.662500,-184.625000,0.000000,top
"Q2","AO3401A","SOT-23",239.050000,-134.337500,-90.000000,top
"Q2","AO3401A","SOT-23",239.050000,-230.337500,-90.000000,top
"Q2","AO3401A","SOT-23",42.050000,-38.337500,-90.000000,top
"Q2","AO3401A","SOT-23",140.550000,-38.337500,-90.000000,top
"Q2","AO3401A","SOT-23",239.050000,-38.337500,-90.000000,top
"Q2","AO3401A","SOT-23",42.050000,-86.337500,-90.000000,top
"Q2","AO3401A","SOT-23",140.550000,-86.337500,-90.000000,top
"Q2","AO3401A","SOT-23",239.050000,-86.337500,-90.000000,top
"Q2","AO3401A","SOT-23",42.050000,-134.337500,-90.000000,top
"Q2","AO3401A","SOT-23",140.550000,-134.337500,-90.000000,top
"Q2","AO3401A","SOT-23",42.050000,-182.337500,-90.000000,top
"Q2","AO3401A","SOT-23",140.550000,-182.337500,-90.000000,top
"Q2","AO3401A","SOT-23",239.050000,-182.337500,-90.000000,top
"Q2","AO3401A","SOT-23",42.050000,-230.337500,-90.000000,top
"Q2","AO3401A","SOT-23",140.550000,-230.337500,-90.000000,top
"Q3","AO3401A","SOT-23",262.164000,-219.378000,-90.000000,top
"Q3","AO3401A","SOT-23",65.164000,-27.378000,-90.000000,top
"Q3","AO3401A","SOT-23",163.664000,-27.378000,-90.000000,top
"Q3","AO3401A","SOT-23",262.164000,-27.378000,-90.000000,top
"Q3","AO3401A","SOT-23",65.164000,-171.378000,-90.000000,top
"Q3","AO3401A","SOT-23",65.164000,-75.378000,-90.000000,top
"Q3","AO3401A","SOT-23",163.664000,-75.378000,-90.000000,top
"Q3","AO3401A","SOT-23",262.164000,-75.378000,-90.000000,top
"Q3","AO3401A","SOT-23",65.164000,-123.378000,-90.000000,top
"Q3","AO3401A","SOT-23",262.164000,-171.378000,-90.000000,top
"Q3","AO3401A","SOT-23",65.164000,-219.378000,-90.000000,top
"Q3","AO3401A","SOT-23",163.664000,-219.378000,-90.000000,top
"Q3","AO3401A","SOT-23",163.664000,-123.378000,-90.000000,top
"Q3","AO3401A","SOT-23",163.664000,-171.378000,-90.000000,top
"Q3","AO3401A","SOT-23",262.164000,-123.378000,-90.000000,top
"Q4","AO3401A","SOT-23",85.900000,-183.800000,-90.000000,top
"Q4","AO3401A","SOT-23",282.900000,-231.800000,-90.000000,top
"Q4","AO3401A","SOT-23",85.900000,-39.800000,-90.000000,top
"Q4","AO3401A","SOT-23",184.400000,-39.800000,-90.000000,top
"Q4","AO3401A","SOT-23",282.900000,-39.800000,-90.000000,top
"Q4","AO3401A","SOT-23",184.400000,-231.800000,-90.000000,top
"Q4","AO3401A","SOT-23",85.900000,-231.800000,-90.000000,top
"Q4","AO3401A","SOT-23",282.900000,-183.800000,-90.000000,top
"Q4","AO3401A","SOT-23",184.400000,-183.800000,-90.000000,top
"Q4","AO3401A","SOT-23",184.400000,-87.800000,-90.000000,top
"Q4","AO3401A","SOT-23",85.900000,-87.800000,-90.000000,top
"Q4","AO3401A","SOT-23",282.900000,-135.800000,-90.000000,top
"Q4","AO3401A","SOT-23",184.400000,-135.800000,-90.000000,top
"Q4","AO3401A","SOT-23",85.900000,-135.800000,-90.000000,top
"Q4","AO3401A","SOT-23",282.900000,-87.800000,-90.000000,top
"R1","100k","R_0603_1608Metric",42.050000,-88.998500,180.000000,top
"R1","100k","R_0603_1608Metric",140.550000,-232.998500,180.000000,top
"R1","100k","R_0603_1608Metric",42.050000,-232.998500,180.000000,top
"R1","100k","R_0603_1608Metric",239.050000,-184.998500,180.000000,top
"R1","100k","R_0603_1608Metric",140.550000,-184.998500,180.000000,top
"R1","100k","R_0603_1608Metric",140.550000,-40.998500,180.000000,top
"R1","100k","R_0603_1608Metric",239.050000,-232.998500,180.000000,top
"R1","100k","R_0603_1608Metric",42.050000,-40.998500,180.000000,top
"R1","100k","R_0603_1608Metric",239.050000,-40.998500,180.000000,top
"R1","100k","R_0603_1608Metric",140.550000,-88.998500,180.000000,top
"R1","100k","R_0603_1608Metric",239.050000,-88.998500,180.000000,top
"R1","100k","R_0603_1608Metric",42.050000,-136.998500,180.000000,top
"R1","100k","R_0603_1608Metric",140.550000,-136.998500,180.000000,top
"R1","100k","R_0603_1608Metric",239.050000,-136.998500,180.000000,top
"R1","100k","R_0603_1608Metric",42.050000,-184.998500,180.000000,top
"R2","510","R_0603_1608Metric",228.100000,-228.775000,-90.000000,top
"R2","510","R_0603_1608Metric",31.100000,-180.775000,-90.000000,top
"R2","510","R_0603_1608Metric",129.600000,-228.775000,-90.000000,top
"R2","510","R_0603_1608Metric",129.600000,-180.775000,-90.000000,top
"R2","510","R_0603_1608Metric",228.100000,-180.775000,-90.000000,top
"R2","510","R_0603_1608Metric",228.100000,-84.775000,-90.000000,top
"R2","510","R_0603_1608Metric",31.100000,-228.775000,-90.000000,top
"R2","510","R_0603_1608Metric",31.100000,-36.775000,-90.000000,top
"R2","510","R_0603_1608Metric",129.600000,-36.775000,-90.000000,top
"R2","510","R_0603_1608Metric",228.100000,-36.775000,-90.000000,top
"R2","510","R_0603_1608Metric",31.100000,-84.775000,-90.000000,top
"R2","510","R_0603_1608Metric",129.600000,-84.775000,-90.000000,top
"R2","510","R_0603_1608Metric",228.100000,-132.775000,-90.000000,top
"R2","510","R_0603_1608Metric",31.100000,-132.775000,-90.000000,top
"R2","510","R_0603_1608Metric",129.600000,-132.775000,-90.000000,top
"R3","1k","R_0603_1608Metric",48.875000,-128.600000,180.000000,top
"R3","1k","R_0603_1608Metric",245.875000,-80.600000,180.000000,top
"R3","1k","R_0603_1608Metric",147.375000,-128.600000,180.000000,top
"R3","1k","R_0603_1608Metric",48.875000,-80.600000,180.000000,top
"R3","1k","R_0603_1608Metric",147.375000,-80.600000,180.000000,top
"R3","1k","R_0603_1608Metric",48.875000,-32.600000,180.000000,top
"R3","1k","R_0603_1608Metric",147.375000,-32.600000,180.000000,top
"R3","1k","R_0603_1608Metric",245.875000,-32.600000,180.000000,top
"R3","1k","R_0603_1608Metric",245.875000,-128.600000,180.000000,top
"R3","1k","R_0603_1608Metric",245.875000,-224.600000,180.000000,top
"R3","1k","R_0603_1608Metric",48.875000,-176.600000,180.000000,top
"R3","1k","R_0603_1608Metric",147.375000,-176.600000,180.000000,top
"R3","1k","R_0603_1608Metric",245.875000,-176.600000,180.000000,top
"R3","1k","R_0603_1608Metric",48.875000,-224.600000,180.000000,top
"R3","1k","R_0603_1608Metric",147.375000,-224.600000,180.000000,top
"R4","510","R_0603_1608Metric",163.918000,-204.138000,0.000000,top
"R4","510","R_0603_1608Metric",65.418000,-156.138000,0.000000,top
"R4","510","R_0603_1608Metric",163.918000,-156.138000,0.000000,top
"R4","510","R_0603_1608Metric",262.418000,-156.138000,0.000000,top
"R4","510","R_0603_1608Metric",65.418000,-204.138000,0.000000,top
"R4","510","R_0603_1608Metric",262.418000,-204.138000,0.000000,top
"R4","510","R_0603_1608Metric",262.418000,-108.138000,0.000000,top
"R4","510","R_0603_1608Metric",163.918000,-108.138000,0.000000,top
"R4","510","R_0603_1608Metric",65.418000,-108.138000,0.000000,top
"R4","510","R_0603_1608Metric",262.418000,-60.138000,0.000000,top
"R4","510","R_0603_1608Metric",163.918000,-60.138000,0.000000,top
"R4","510","R_0603_1608Metric",65.418000,-60.138000,0.000000,top
"R4","510","R_0603_1608Metric",262.418000,-12.138000,0.000000,top
"R4","510","R_0603_1608Metric",163.918000,-12.138000,0.000000,top
"R4","510","R_0603_1608Metric",65.418000,-12.138000,0.000000,top
"R5","1k","R_0603_1608Metric",170.268000,-31.950000,180.000000,top
"R5","1k","R_0603_1608Metric",71.768000,-127.950000,180.000000,top
"R5","1k","R_0603_1608Metric",71.768000,-31.950000,180.000000,top
"R5","1k","R_0603_1608Metric",268.768000,-223.950000,180.000000,top
"R5","1k","R_0603_1608Metric",170.268000,-223.950000,180.000000,top
"R5","1k","R_0603_1608Metric",71.768000,-223.950000,180.000000,top
"R5","1k","R_0603_1608Metric",268.768000,-175.950000,180.000000,top
"R5","1k","R_0603_1608Metric",170.268000,-175.950000,180.000000,top
"R5","1k","R_0603_1608Metric",71.768000,-175.950000,180.000000,top
"R5","1k","R_0603_1608Metric",268.768000,-127.950000,180.000000,top
"R5","1k","R_0603_1608Metric",170.268000,-127.950000,180.000000,top
"R5","1k","R_0603_1608Metric",170.268000,-79.950000,180.000000,top
"R5","1k","R_0603_1608Metric",268.768000,-79.950000,180.000000,top
"R5","1k","R_0603_1608Metric",268.768000,-31.950000,180.000000,top
"R5","1k","R_0603_1608Metric",71.768000,-79.950000,180.000000,top
"R6","100k","R_0603_1608Metric",65.101000,-30.172000,180.000000,top
"R6","100k","R_0603_1608Metric",163.601000,-78.172000,180.000000,top
"R6","100k","R_0603_1608Metric",163.601000,-30.172000,180.000000,top
"R6","100k","R_0603_1608Metric",262.101000,-30.172000,180.000000,top
"R6","100k","R_0603_1608Metric",65.101000,-78.172000,180.000000,top
"R6","100k","R_0603_1608Metric",262.101000,-222.172000,180.000000,top
"R6","100k","R_0603_1608Metric",163.601000,-222.172000,180.000000,top
"R6","100k","R_0603_1608Metric",65.101000,-222.172000,180.000000,top
"R6","100k","R_0603_1608Metric",262.101000,-174.172000,180.000000,top
"R6","100k","R_0603_1608Metric",163.601000,-174.172000,180.000000,top
"R6","100k","R_0603_1608Metric",65.101000,-174.172000,180.000000,top
"R6","100k","R_0603_1608Metric",262.101000,-126.172000,180.000000,top
"R6","100k","R_0603_1608Metric",163.601000,-126.172000,180.000000,top
"R6","100k","R_0603_1608Metric",65.101000,-126.172000,180.000000,top
"R6","100k","R_0603_1608Metric",262.101000,-78.172000,180.000000,top
"R7","510","R_0603_1608Metric",78.100000,-107.200000,180.000000,top
"R7","510","R_0603_1608Metric",275.100000,-203.200000,180.000000,top
"R7","510","R_0603_1608Metric",176.600000,-203.200000,180.000000,top
"R7","510","R_0603_1608Metric",78.100000,-203.200000,180.000000,top
"R7","510","R_0603_1608Metric",275.100000,-155.200000,180.000000,top
"R7","510","R_0603_1608Metric",176.600000,-155.200000,180.000000,top
"R7","510","R_0603_1608Metric",78.100000,-155.200000,180.000000,top
"R7","510","R_0603_1608Metric",275.100000,-107.200000,180.000000,top
"R7","510","R_0603_1608Metric",176.600000,-107.200000,180.000000,top
"R7","510","R_0603_1608Metric",275.100000,-59.200000,180.000000,top
"R7","510","R_0603_1608Metric",176.600000,-59.200000,180.000000,top
"R7","510","R_0603_1608Metric",78.100000,-11.200000,180.000000,top
"R7","510","R_0603_1608Metric",78.100000,-59.200000,180.000000,top
"R7","510","R_0603_1608Metric",275.100000,-11.200000,180.000000,top
"R7","510","R_0603_1608Metric",176.600000,-11.200000,180.000000,top
"R8","1k","R_0603_1608Metric",153.800000,-209.625000,90.000000,top
"R8","1k","R_0603_1608Metric",252.300000,-209.625000,90.000000,top
"R8","1k","R_0603_1608Metric",153.800000,-161.625000,90.000000,top
"R8","1k","R_0603_1608Metric",252.300000,-161.625000,90.000000,top
"R8","1k","R_0603_1608Metric",55.300000,-209.625000,90.000000,top
"R8","1k","R_0603_1608Metric",252.300000,-113.625000,90.000000,top
"R8","1k","R_0603_1608Metric",55.300000,-161.625000,90.000000,top
"R8","1k","R_0603_1608Metric",55.300000,-17.625000,90.000000,top
"R8","1k","R_0603_1608Metric",153.800000,-17.625000,90.000000,top
"R8","1k","R_0603_1608Metric",252.300000,-17.625000,90.000000,top
"R8","1k","R_0603_1608Metric",55.300000,-65.625000,90.000000,top
"R8","1k","R_0603_1608Metric",153.800000,-65.625000,90.000000,top
"R8","1k","R_0603_1608Metric",252.300000,-65.625000,90.000000,top
"R8","1k","R_0603_1608Metric",55.300000,-113.625000,90.000000,top
"R8","1k","R_0603_1608Metric",153.800000,-113.625000,90.000000,top
"R9","100k","R_0603_1608Metric",86.091000,-138.515500,180.000000,top
"R9","100k","R_0603_1608Metric",86.091000,-42.515500,180.000000,top
"R9","100k","R_0603_1608Metric",184.591000,-42.515500,180.000000,top
"R9","100k","R_0603_1608Metric",283.091000,-42.515500,180.000000,top
"R9","100k","R_0603_1608Metric",86.091000,-90.515500,180.000000,top
"R9","100k","R_0603_1608Metric",184.591000,-90.515500,180.000000,top
"R9","100k","R_0603_1608Metric",283.091000,-90.515500,180.000000,top
"R9","100k","R_0603_1608Metric",184.591000,-138.515500,180.000000,top
"R9","100k","R_0603_1608Metric",283.091000,-138.515500,180.000000,top
"R9","100k","R_0603_1608Metric",86.091000,-186.515500,180.000000,top
"R9","100k","R_0603_1608Metric",283.091000,-186.515500,180.000000,top
"R9","100k","R_0603_1608Metric",86.091000,-234.515500,180.000000,top
"R9","100k","R_0603_1608Metric",184.591000,-186.515500,180.000000,top
"R9","100k","R_0603_1608Metric",184.591000,-234.515500,180.000000,top
"R9","100k","R_0603_1608Metric",283.091000,-234.515500,180.000000,top
"R11","100k","R_0603_1608Metric",129.462500,-136.425000,-90.000000,top
"R11","100k","R_0603_1608Metric",227.962500,-136.425000,-90.000000,top
"R11","100k","R_0603_1608Metric",30.962500,-184.425000,-90.000000,top
"R11","100k","R_0603_1608Metric",129.462500,-184.425000,-90.000000,top
"R11","100k","R_0603_1608Metric",227.962500,-184.425000,-90.000000,top
"R11","100k","R_0603_1608Metric",30.962500,-232.425000,-90.000000,top
"R11","100k","R_0603_1608Metric",129.462500,-232.425000,-90.000000,top
"R11","100k","R_0603_1608Metric",227.962500,-232.425000,-90.000000,top
"R11","100k","R_0603_1608Metric",30.962500,-136.425000,-90.000000,top
"R11","100k","R_0603_1608Metric",227.962500,-88.425000,-90.000000,top
"R11","100k","R_0603_1608Metric",129.462500,-88.425000,-90.000000,top
"R11","100k","R_0603_1608Metric",30.962500,-88.425000,-90.000000,top
"R11","100k","R_0603_1608Metric",227.962500,-40.425000,-90.000000,top
"R11","100k","R_0603_1608Metric",30.962500,-40.425000,-90.000000,top
"R11","100k","R_0603_1608Metric",129.462500,-40.425000,-90.000000,top
"R12","510","R_0603_1608Metric",288.875000,-86.600000,180.000000,top
"R12","510","R_0603_1608Metric",190.375000,-86.600000,180.000000,top
"R12","510","R_0603_1608Metric",91.875000,-86.600000,180.000000,top
"R12","510","R_0603_1608Metric",288.875000,-230.600000,180.000000,top
"R12","510","R_0603_1608Metric",190.375000,-38.600000,180.000000,top
"R12","510","R_0603_1608Metric",288.875000,-38.600000,180.000000,top
"R12","510","R_0603_1608Metric",91.875000,-38.600000,180.000000,top
"R12","510","R_0603_1608Metric",91.875000,-134.600000,180.000000,top
"R12","510","R_0603_1608Metric",190.375000,-134.600000,180.000000,top
"R12","510","R_0603_1608Metric",288.875000,-134.600000,180.000000,top
"R12","510","R_0603_1608Metric",91.875000,-182.600000,180.000000,top
"R12","510","R_0603_1608Metric",190.375000,-182.600000,180.000000,top
"R12","510","R_0603_1608Metric",288.875000,-182.600000,180.000000,top
"R12","510","R_0603_1608Metric",91.875000,-230.600000,180.000000,top
"R12","510","R_0603_1608Metric",190.375000,-230.600000,180.000000,top
"SW1","SW_DPST_x2","magasgomb",105.950000,-178.950000,180.000000,top
"SW1","SW_DPST_x2","magasgomb",204.450000,-226.950000,180.000000,top
"SW1","SW_DPST_x2","magasgomb",105.950000,-226.950000,180.000000,top
"SW1","SW_DPST_x2","magasgomb",7.450000,-226.950000,180.000000,top
"SW1","SW_DPST_x2","magasgomb",204.450000,-178.950000,180.000000,top
"SW1","SW_DPST_x2","magasgomb",7.450000,-34.950000,180.000000,top
"SW1","SW_DPST_x2","magasgomb",7.450000,-178.950000,180.000000,top
"SW1","SW_DPST_x2","magasgomb",204.450000,-130.950000,180.000000,top
"SW1","SW_DPST_x2","magasgomb",105.950000,-130.950000,180.000000,top
"SW1","SW_DPST_x2","magasgomb",7.450000,-130.950000,180.000000,top
"SW1","SW_DPST_x2","magasgomb",105.950000,-34.950000,180.000000,top
"SW1","SW_DPST_x2","magasgomb",204.450000,-34.950000,180.000000,top
"SW1","SW_DPST_x2","magasgomb",7.450000,-82.950000,180.000000,top
"SW1","SW_DPST_x2","magasgomb",204.450000,-82.950000,180.000000,top
"SW1","SW_DPST_x2","magasgomb",105.950000,-82.950000,180.000000,top
"U1","STC8G1K08-SOP16","STC_SOP-16_3.9x9.9mm_P1.27mm",60.786800,-136.027200,-90.000000,top
"U1","STC8G1K08-SOP16","STC_SOP-16_3.9x9.9mm_P1.27mm",60.786800,-40.027200,-90.000000,top
"U1","STC8G1K08-SOP16","STC_SOP-16_3.9x9.9mm_P1.27mm",159.286800,-40.027200,-90.000000,top
"U1","STC8G1K08-SOP16","STC_SOP-16_3.9x9.9mm_P1.27mm",257.786800,-40.027200,-90.000000,top
"U1","STC8G1K08-SOP16","STC_SOP-16_3.9x9.9mm_P1.27mm",60.786800,-88.027200,-90.000000,top
"U1","STC8G1K08-SOP16","STC_SOP-16_3.9x9.9mm_P1.27mm",159.286800,-88.027200,-90.000000,top
"U1","STC8G1K08-SOP16","STC_SOP-16_3.9x9.9mm_P1.27mm",257.786800,-88.027200,-90.000000,top
"U1","STC8G1K08-SOP16","STC_SOP-16_3.9x9.9mm_P1.27mm",257.786800,-232.027200,-90.000000,top
"U1","STC8G1K08-SOP16","STC_SOP-16_3.9x9.9mm_P1.27mm",159.286800,-136.027200,-90.000000,top
"U1","STC8G1K08-SOP16","STC_SOP-16_3.9x9.9mm_P1.27mm",257.786800,-136.027200,-90.000000,top
"U1","STC8G1K08-SOP16","STC_SOP-16_3.9x9.9mm_P1.27mm",60.786800,-184.027200,-90.000000,top
"U1","STC8G1K08-SOP16","STC_SOP-16_3.9x9.9mm_P1.27mm",159.286800,-184.027200,-90.000000,top
"U1","STC8G1K08-SOP16","STC_SOP-16_3.9x9.9mm_P1.27mm",257.786800,-184.027200,-90.000000,top
"U1","STC8G1K08-SOP16","STC_SOP-16_3.9x9.9mm_P1.27mm",60.786800,-232.027200,-90.000000,top
"U1","STC8G1K08-SOP16","STC_SOP-16_3.9x9.9mm_P1.27mm",159.286800,-232.027200,-90.000000,top
